-- phpMyAdmin SQL Dump
-- version 4.0.4
-- http://www.phpmyadmin.net
--
-- Host: localhost
-- Generation Time: Dec 22, 2014 at 09:43 AM
-- Server version: 5.6.12-log
-- PHP Version: 5.4.16

SET SQL_MODE = "NO_AUTO_VALUE_ON_ZERO";
SET time_zone = "+00:00";


/*!40101 SET @OLD_CHARACTER_SET_CLIENT=@@CHARACTER_SET_CLIENT */;
/*!40101 SET @OLD_CHARACTER_SET_RESULTS=@@CHARACTER_SET_RESULTS */;
/*!40101 SET @OLD_COLLATION_CONNECTION=@@COLLATION_CONNECTION */;
/*!40101 SET NAMES utf8 */;

--
-- Database: `cakephp_icargobox`
--
CREATE DATABASE IF NOT EXISTS `cakephp_icargobox` DEFAULT CHARACTER SET latin1 COLLATE latin1_spanish_ci;
USE `cakephp_icargobox`;

-- --------------------------------------------------------

--
-- Table structure for table `bs_acos`
--

CREATE TABLE IF NOT EXISTS `bs_acos` (
  `id` int(10) NOT NULL AUTO_INCREMENT,
  `parent_id` int(10) DEFAULT NULL,
  `model` varchar(255) COLLATE latin1_spanish_ci DEFAULT NULL,
  `foreign_key` int(10) DEFAULT NULL,
  `alias` varchar(255) COLLATE latin1_spanish_ci DEFAULT NULL,
  `lft` int(10) DEFAULT NULL,
  `rght` int(10) DEFAULT NULL,
  PRIMARY KEY (`id`)
) ENGINE=InnoDB  DEFAULT CHARSET=latin1 COLLATE=latin1_spanish_ci AUTO_INCREMENT=262 ;

--
-- Dumping data for table `bs_acos`
--

INSERT INTO `bs_acos` (`id`, `parent_id`, `model`, `foreign_key`, `alias`, `lft`, `rght`) VALUES
(1, NULL, NULL, NULL, 'controllers', 1, 468),
(2, 1, NULL, NULL, 'Groups', 2, 27),
(3, 2, NULL, NULL, 'index', 3, 4),
(4, 2, NULL, NULL, 'view', 5, 6),
(5, 2, NULL, NULL, 'add', 7, 8),
(6, 2, NULL, NULL, 'edit', 9, 10),
(7, 2, NULL, NULL, 'delete', 11, 12),
(8, 1, NULL, NULL, 'Pages', 28, 35),
(9, 8, NULL, NULL, 'display', 29, 30),
(10, 1, NULL, NULL, 'Posts', 36, 51),
(11, 10, NULL, NULL, 'index', 37, 38),
(12, 10, NULL, NULL, 'view', 39, 40),
(13, 10, NULL, NULL, 'add', 41, 42),
(14, 10, NULL, NULL, 'edit', 43, 44),
(15, 10, NULL, NULL, 'delete', 45, 46),
(16, 1, NULL, NULL, 'Users', 52, 99),
(24, 1, NULL, NULL, 'Widgets', 100, 115),
(25, 24, NULL, NULL, 'index', 101, 102),
(26, 24, NULL, NULL, 'view', 103, 104),
(27, 24, NULL, NULL, 'add', 105, 106),
(28, 24, NULL, NULL, 'edit', 107, 108),
(29, 24, NULL, NULL, 'delete', 109, 110),
(30, 1, NULL, NULL, 'AclExtras', 116, 117),
(31, 1, NULL, NULL, 'DebugKit', 118, 129),
(32, 31, NULL, NULL, 'ToolbarAccess', 119, 128),
(33, 32, NULL, NULL, 'history_state', 120, 121),
(34, 32, NULL, NULL, 'sql_explain', 122, 123),
(35, 2, NULL, NULL, 'admin_index', 13, 14),
(36, 2, NULL, NULL, 'admin_view', 15, 16),
(37, 2, NULL, NULL, 'admin_add', 17, 18),
(38, 2, NULL, NULL, 'admin_edit', 19, 20),
(39, 2, NULL, NULL, 'admin_delete', 21, 22),
(40, 16, NULL, NULL, 'initDB', 53, 54),
(43, 16, NULL, NULL, 'admin_index', 55, 56),
(44, 16, NULL, NULL, 'admin_view', 57, 58),
(45, 16, NULL, NULL, 'admin_add', 59, 60),
(46, 16, NULL, NULL, 'admin_edit', 61, 62),
(47, 16, NULL, NULL, 'admin_delete', 63, 64),
(48, 16, NULL, NULL, 'admin_login', 65, 66),
(49, 16, NULL, NULL, 'admin_logout', 67, 68),
(50, 1, NULL, NULL, 'AlertDetails', 130, 149),
(51, 50, NULL, NULL, 'admin_index', 131, 132),
(52, 50, NULL, NULL, 'admin_view', 133, 134),
(53, 50, NULL, NULL, 'admin_add', 135, 136),
(54, 50, NULL, NULL, 'admin_edit', 137, 138),
(55, 50, NULL, NULL, 'admin_delete', 139, 140),
(56, 50, NULL, NULL, 'isAuthorized', 141, 142),
(57, 50, NULL, NULL, 'admin_switch', 143, 144),
(58, 1, NULL, NULL, 'Alerts', 150, 181),
(59, 58, NULL, NULL, 'admin_index', 151, 152),
(60, 58, NULL, NULL, 'admin_view', 153, 154),
(61, 58, NULL, NULL, 'admin_add', 155, 156),
(62, 58, NULL, NULL, 'admin_edit', 157, 158),
(63, 58, NULL, NULL, 'admin_delete', 159, 160),
(65, 58, NULL, NULL, 'isAuthorized', 161, 162),
(66, 58, NULL, NULL, 'admin_switch', 163, 164),
(67, 1, NULL, NULL, 'Cities', 182, 201),
(68, 67, NULL, NULL, 'admin_index', 183, 184),
(69, 67, NULL, NULL, 'admin_view', 185, 186),
(70, 67, NULL, NULL, 'admin_add', 187, 188),
(71, 67, NULL, NULL, 'admin_edit', 189, 190),
(72, 67, NULL, NULL, 'admin_delete', 191, 192),
(73, 67, NULL, NULL, 'admin_bulk_action', 193, 194),
(74, 67, NULL, NULL, 'isAuthorized', 195, 196),
(75, 67, NULL, NULL, 'admin_switch', 197, 198),
(76, 1, NULL, NULL, 'Cmspages', 202, 229),
(77, 76, NULL, NULL, 'admin_index', 203, 204),
(78, 76, NULL, NULL, 'admin_view', 205, 206),
(79, 76, NULL, NULL, 'admin_add', 207, 208),
(80, 76, NULL, NULL, 'admin_edit', 209, 210),
(81, 76, NULL, NULL, 'admin_delete', 211, 212),
(82, 76, NULL, NULL, 'admin_order', 213, 214),
(83, 76, NULL, NULL, 'admin_bulk_action', 215, 216),
(84, 76, NULL, NULL, 'home', 217, 218),
(85, 76, NULL, NULL, 'view', 219, 220),
(86, 76, NULL, NULL, 'getContentByID', 221, 222),
(87, 76, NULL, NULL, 'menu', 223, 224),
(88, 76, NULL, NULL, 'isAuthorized', 225, 226),
(89, 76, NULL, NULL, 'admin_switch', 227, 228),
(90, 1, NULL, NULL, 'ContactUs', 230, 239),
(91, 90, NULL, NULL, 'captcha', 231, 232),
(92, 90, NULL, NULL, 'index', 233, 234),
(93, 90, NULL, NULL, 'isAuthorized', 235, 236),
(94, 90, NULL, NULL, 'admin_switch', 237, 238),
(95, 1, NULL, NULL, 'Dashboards', 240, 247),
(96, 95, NULL, NULL, 'admin_index', 241, 242),
(97, 95, NULL, NULL, 'isAuthorized', 243, 244),
(98, 95, NULL, NULL, 'admin_switch', 245, 246),
(99, 1, NULL, NULL, 'Departments', 248, 267),
(100, 99, NULL, NULL, 'admin_index', 249, 250),
(101, 99, NULL, NULL, 'admin_view', 251, 252),
(102, 99, NULL, NULL, 'admin_add', 253, 254),
(103, 99, NULL, NULL, 'admin_edit', 255, 256),
(104, 99, NULL, NULL, 'admin_delete', 257, 258),
(105, 99, NULL, NULL, 'admin_bulk_action', 259, 260),
(106, 99, NULL, NULL, 'isAuthorized', 261, 262),
(107, 99, NULL, NULL, 'admin_switch', 263, 264),
(108, 2, NULL, NULL, 'isAuthorized', 23, 24),
(109, 2, NULL, NULL, 'admin_switch', 25, 26),
(110, 1, NULL, NULL, 'IcargoAddresses', 268, 285),
(111, 110, NULL, NULL, 'admin_index', 269, 270),
(112, 110, NULL, NULL, 'admin_view', 271, 272),
(113, 110, NULL, NULL, 'admin_add', 273, 274),
(114, 110, NULL, NULL, 'admin_edit', 275, 276),
(115, 110, NULL, NULL, 'admin_delete', 277, 278),
(116, 110, NULL, NULL, 'isAuthorized', 279, 280),
(117, 110, NULL, NULL, 'admin_switch', 281, 282),
(127, 1, NULL, NULL, 'NewsletterSubscribers', 286, 305),
(128, 127, NULL, NULL, 'admin_index', 287, 288),
(129, 127, NULL, NULL, 'admin_view', 289, 290),
(130, 127, NULL, NULL, 'admin_add', 291, 292),
(131, 127, NULL, NULL, 'admin_edit', 293, 294),
(132, 127, NULL, NULL, 'admin_delete', 295, 296),
(133, 127, NULL, NULL, 'admin_bulk_action', 297, 298),
(134, 127, NULL, NULL, 'thank_you', 299, 300),
(135, 127, NULL, NULL, 'isAuthorized', 301, 302),
(136, 127, NULL, NULL, 'admin_switch', 303, 304),
(137, 1, NULL, NULL, 'Newsletters', 306, 323),
(138, 137, NULL, NULL, 'admin_index', 307, 308),
(139, 137, NULL, NULL, 'admin_view', 309, 310),
(140, 137, NULL, NULL, 'admin_add', 311, 312),
(141, 137, NULL, NULL, 'admin_edit', 313, 314),
(142, 137, NULL, NULL, 'admin_delete', 315, 316),
(143, 137, NULL, NULL, 'admin_bulk_action', 317, 318),
(144, 137, NULL, NULL, 'isAuthorized', 319, 320),
(145, 137, NULL, NULL, 'admin_switch', 321, 322),
(146, 8, NULL, NULL, 'isAuthorized', 31, 32),
(147, 8, NULL, NULL, 'admin_switch', 33, 34),
(148, 10, NULL, NULL, 'isAuthorized', 47, 48),
(149, 10, NULL, NULL, 'admin_switch', 49, 50),
(150, 1, NULL, NULL, 'RecomendedStores', 324, 343),
(151, 150, NULL, NULL, 'admin_index', 325, 326),
(152, 150, NULL, NULL, 'admin_view', 327, 328),
(153, 150, NULL, NULL, 'admin_add', 329, 330),
(154, 150, NULL, NULL, 'admin_edit', 331, 332),
(155, 150, NULL, NULL, 'admin_delete', 333, 334),
(156, 150, NULL, NULL, 'admin_bulk_action', 335, 336),
(157, 150, NULL, NULL, 'display', 337, 338),
(158, 150, NULL, NULL, 'isAuthorized', 339, 340),
(159, 150, NULL, NULL, 'admin_switch', 341, 342),
(160, 1, NULL, NULL, 'SentNewsletters', 344, 359),
(161, 160, NULL, NULL, 'admin_index', 345, 346),
(162, 160, NULL, NULL, 'admin_view', 347, 348),
(163, 160, NULL, NULL, 'admin_add', 349, 350),
(164, 160, NULL, NULL, 'admin_edit', 351, 352),
(165, 160, NULL, NULL, 'admin_delete', 353, 354),
(166, 160, NULL, NULL, 'isAuthorized', 355, 356),
(167, 160, NULL, NULL, 'admin_switch', 357, 358),
(168, 1, NULL, NULL, 'SlidingBanners', 360, 379),
(169, 168, NULL, NULL, 'admin_index', 361, 362),
(170, 168, NULL, NULL, 'admin_view', 363, 364),
(171, 168, NULL, NULL, 'admin_add', 365, 366),
(172, 168, NULL, NULL, 'admin_edit', 367, 368),
(173, 168, NULL, NULL, 'admin_delete', 369, 370),
(174, 168, NULL, NULL, 'admin_bulk_action', 371, 372),
(175, 168, NULL, NULL, 'display', 373, 374),
(176, 168, NULL, NULL, 'isAuthorized', 375, 376),
(177, 168, NULL, NULL, 'admin_switch', 377, 378),
(178, 1, NULL, NULL, 'SlidingTexts', 380, 399),
(179, 178, NULL, NULL, 'admin_index', 381, 382),
(180, 178, NULL, NULL, 'admin_view', 383, 384),
(181, 178, NULL, NULL, 'admin_add', 385, 386),
(182, 178, NULL, NULL, 'admin_edit', 387, 388),
(183, 178, NULL, NULL, 'admin_delete', 389, 390),
(184, 178, NULL, NULL, 'admin_bulk_action', 391, 392),
(185, 178, NULL, NULL, 'display', 393, 394),
(186, 178, NULL, NULL, 'isAuthorized', 395, 396),
(187, 178, NULL, NULL, 'admin_switch', 397, 398),
(188, 1, NULL, NULL, 'Testimonials', 400, 419),
(189, 188, NULL, NULL, 'admin_index', 401, 402),
(190, 188, NULL, NULL, 'admin_view', 403, 404),
(191, 188, NULL, NULL, 'admin_add', 405, 406),
(192, 188, NULL, NULL, 'admin_edit', 407, 408),
(193, 188, NULL, NULL, 'admin_delete', 409, 410),
(194, 188, NULL, NULL, 'admin_bulk_action', 411, 412),
(195, 188, NULL, NULL, 'display', 413, 414),
(196, 188, NULL, NULL, 'isAuthorized', 415, 416),
(197, 188, NULL, NULL, 'admin_switch', 417, 418),
(198, 16, NULL, NULL, 'isAuthorized', 69, 70),
(199, 16, NULL, NULL, 'admin_switch', 71, 72),
(200, 24, NULL, NULL, 'isAuthorized', 111, 112),
(201, 24, NULL, NULL, 'admin_switch', 113, 114),
(202, 32, NULL, NULL, 'isAuthorized', 124, 125),
(203, 32, NULL, NULL, 'admin_switch', 126, 127),
(204, 1, NULL, NULL, 'Search', 420, 421),
(205, 1, NULL, NULL, 'Sluggable', 422, 423),
(206, 1, NULL, NULL, 'Uploader', 424, 425),
(207, 16, NULL, NULL, 'captcha', 73, 74),
(208, 16, NULL, NULL, 'register', 75, 76),
(209, 16, NULL, NULL, 'city_to_departmentAjax', 77, 78),
(210, 16, NULL, NULL, 'activate', 79, 80),
(211, 16, NULL, NULL, 'forgot', 81, 82),
(212, 16, NULL, NULL, 'reset', 83, 84),
(213, 16, NULL, NULL, 'login', 85, 86),
(214, 16, NULL, NULL, 'logout', 87, 88),
(215, 16, NULL, NULL, 'my_account', 89, 90),
(222, 58, NULL, NULL, 'view', 165, 166),
(223, 58, NULL, NULL, 'add', 167, 168),
(224, 58, NULL, NULL, 'edit', 169, 170),
(225, 58, NULL, NULL, 'delete', 171, 172),
(226, 16, NULL, NULL, 'admin_settings', 91, 92),
(227, 16, NULL, NULL, 'admin_city_to_departmentAjax', 93, 94),
(228, 16, NULL, NULL, 'admin_bulk_action', 95, 96),
(229, 58, NULL, NULL, 'description', 173, 174),
(231, 67, NULL, NULL, 'display', 199, 200),
(232, 99, NULL, NULL, 'display', 265, 266),
(233, 110, NULL, NULL, 'display', 283, 284),
(234, 1, NULL, NULL, 'Currencies', 426, 441),
(235, 234, NULL, NULL, 'admin_index', 427, 428),
(236, 234, NULL, NULL, 'admin_view', 429, 430),
(237, 234, NULL, NULL, 'admin_add', 431, 432),
(238, 234, NULL, NULL, 'admin_edit', 433, 434),
(239, 234, NULL, NULL, 'admin_delete', 435, 436),
(240, 234, NULL, NULL, 'isAuthorized', 437, 438),
(241, 234, NULL, NULL, 'admin_switch', 439, 440),
(242, 16, NULL, NULL, 'display', 97, 98),
(243, 1, NULL, NULL, 'Communications', 442, 467),
(244, 243, NULL, NULL, 'index', 443, 444),
(245, 243, NULL, NULL, 'view', 445, 446),
(246, 243, NULL, NULL, 'add', 447, 448),
(247, 243, NULL, NULL, 'edit', 449, 450),
(248, 243, NULL, NULL, 'delete', 451, 452),
(249, 243, NULL, NULL, 'admin_index', 453, 454),
(250, 243, NULL, NULL, 'admin_view', 455, 456),
(251, 243, NULL, NULL, 'admin_add', 457, 458),
(252, 243, NULL, NULL, 'admin_edit', 459, 460),
(253, 243, NULL, NULL, 'admin_delete', 461, 462),
(254, 243, NULL, NULL, 'isAuthorized', 463, 464),
(255, 243, NULL, NULL, 'admin_switch', 465, 466),
(256, 50, NULL, NULL, 'delete', 145, 146),
(258, 58, NULL, NULL, 'admin_communications', 175, 176),
(259, 50, NULL, NULL, 'edit', 147, 148),
(260, 58, NULL, NULL, 'shipping', 177, 178),
(261, 58, NULL, NULL, 'communications', 179, 180);

-- --------------------------------------------------------

--
-- Table structure for table `bs_alerts`
--

CREATE TABLE IF NOT EXISTS `bs_alerts` (
  `id` int(11) NOT NULL AUTO_INCREMENT,
  `user_id` int(11) NOT NULL,
  `note` text COLLATE latin1_spanish_ci NOT NULL,
  `price_per_lb` float DEFAULT NULL,
  `declaration_amt_admin` float DEFAULT NULL,
  `declaration_amt_client` float DEFAULT NULL,
  `tax` float DEFAULT NULL,
  `consolidacion_comment` text COLLATE latin1_spanish_ci NOT NULL,
  `pago_pendiente_comment` text COLLATE latin1_spanish_ci NOT NULL,
  `despachado_comment` text COLLATE latin1_spanish_ci NOT NULL,
  `entregado_a_la_transportadora_comment` text COLLATE latin1_spanish_ci NOT NULL,
  `entregado_comment` text COLLATE latin1_spanish_ci NOT NULL,
  `icargobox_tracking_no` varchar(255) COLLATE latin1_spanish_ci NOT NULL,
  `national_tracking_no` varchar(255) COLLATE latin1_spanish_ci NOT NULL,
  `status` int(1) NOT NULL COMMENT '0 = Pendiente, 1 = Recibido, 2 = Consolidation,	3 = Pago Pendiente,	4 = Despachado,	5 = Entregado a la Transportadora, 6 = Entregado',
  `created` datetime NOT NULL,
  `modified` datetime NOT NULL,
  PRIMARY KEY (`id`)
) ENGINE=InnoDB  DEFAULT CHARSET=latin1 COLLATE=latin1_spanish_ci AUTO_INCREMENT=4 ;

--
-- Dumping data for table `bs_alerts`
--

INSERT INTO `bs_alerts` (`id`, `user_id`, `note`, `price_per_lb`, `declaration_amt_admin`, `declaration_amt_client`, `tax`, `consolidacion_comment`, `pago_pendiente_comment`, `despachado_comment`, `entregado_a_la_transportadora_comment`, `entregado_comment`, `icargobox_tracking_no`, `national_tracking_no`, `status`, `created`, `modified`) VALUES
(1, 22, 'tesr', NULL, NULL, NULL, NULL, '', '', '', '', '', '', '', 1, '2014-12-04 11:02:08', '2014-12-04 11:02:23'),
(2, 22, 'ertr', 1, NULL, 1, 1, 'Testixfd df dsf dg', '', '', '', '', 'tesrt', 'tesrtdssf', 2, '2014-12-04 11:22:07', '2014-12-05 09:43:25'),
(3, 22, 'test', NULL, NULL, NULL, NULL, '', '', '', '', '', '', '', 1, '2014-12-15 10:36:58', '2014-12-15 10:40:50');

-- --------------------------------------------------------

--
-- Table structure for table `bs_alert_details`
--

CREATE TABLE IF NOT EXISTS `bs_alert_details` (
  `id` int(11) NOT NULL AUTO_INCREMENT,
  `alert_id` int(11) NOT NULL,
  `body` text COLLATE latin1_spanish_ci NOT NULL,
  `admin_note` text COLLATE latin1_spanish_ci NOT NULL,
  `qty` int(11) DEFAULT NULL,
  `weight` float DEFAULT NULL,
  `declaration_amt` float DEFAULT NULL,
  `declaration_rec_amt` float DEFAULT NULL,
  `despatch` int(1) DEFAULT NULL,
  `status` int(1) NOT NULL COMMENT '0 = Pendiente, 1 = Recibido',
  `created` datetime NOT NULL,
  `modified` datetime NOT NULL,
  PRIMARY KEY (`id`)
) ENGINE=InnoDB  DEFAULT CHARSET=latin1 COLLATE=latin1_spanish_ci AUTO_INCREMENT=8 ;

--
-- Dumping data for table `bs_alert_details`
--

INSERT INTO `bs_alert_details` (`id`, `alert_id`, `body`, `admin_note`, `qty`, `weight`, `declaration_amt`, `declaration_rec_amt`, `despatch`, `status`, `created`, `modified`) VALUES
(4, 2, 'test', 'test', 1, 1, 1, 2, 1, 1, '2014-12-04 11:22:07', '2014-12-19 05:03:51'),
(5, 2, 'test', 'test', 1, 3, 1, 2, 1, 1, '2014-12-04 11:22:07', '2014-12-19 05:03:56'),
(6, 3, 'Apple', '', 1, NULL, 233, NULL, NULL, 0, '2014-12-15 10:36:58', '2014-12-15 10:36:58'),
(7, 3, 'Samsung', '', 2, NULL, 475, NULL, NULL, 0, '2014-12-15 10:36:58', '2014-12-15 10:36:58');

-- --------------------------------------------------------

--
-- Table structure for table `bs_aros`
--

CREATE TABLE IF NOT EXISTS `bs_aros` (
  `id` int(10) NOT NULL AUTO_INCREMENT,
  `parent_id` int(10) DEFAULT NULL,
  `model` varchar(255) COLLATE latin1_spanish_ci DEFAULT NULL,
  `foreign_key` int(10) DEFAULT NULL,
  `alias` varchar(255) COLLATE latin1_spanish_ci DEFAULT NULL,
  `lft` int(10) DEFAULT NULL,
  `rght` int(10) DEFAULT NULL,
  PRIMARY KEY (`id`)
) ENGINE=InnoDB  DEFAULT CHARSET=latin1 COLLATE=latin1_spanish_ci AUTO_INCREMENT=28 ;

--
-- Dumping data for table `bs_aros`
--

INSERT INTO `bs_aros` (`id`, `parent_id`, `model`, `foreign_key`, `alias`, `lft`, `rght`) VALUES
(1, NULL, 'Group', 1, NULL, 1, 4),
(2, NULL, 'Group', 2, NULL, 5, 8),
(3, NULL, 'Group', 3, NULL, 9, 12),
(4, NULL, 'Group', 4, NULL, 13, 22),
(5, 1, 'User', 1, NULL, 2, 3),
(6, 2, 'User', 2, NULL, 6, 7),
(7, 3, 'User', 3, NULL, 10, 11),
(9, NULL, 'User', 5, NULL, 23, 24),
(10, NULL, 'User', 7, NULL, 25, 26),
(11, NULL, 'User', 8, NULL, 27, 28),
(13, NULL, 'User', 10, NULL, 29, 30),
(24, 4, 'User', 22, NULL, 14, 15),
(25, 4, 'User', 23, NULL, 16, 17),
(26, 4, 'User', 24, NULL, 18, 19),
(27, 4, 'User', 25, NULL, 20, 21);

-- --------------------------------------------------------

--
-- Table structure for table `bs_aros_acos`
--

CREATE TABLE IF NOT EXISTS `bs_aros_acos` (
  `id` int(10) NOT NULL AUTO_INCREMENT,
  `aro_id` int(10) NOT NULL,
  `aco_id` int(10) NOT NULL,
  `_create` varchar(2) COLLATE latin1_spanish_ci NOT NULL DEFAULT '0',
  `_read` varchar(2) COLLATE latin1_spanish_ci NOT NULL DEFAULT '0',
  `_update` varchar(2) COLLATE latin1_spanish_ci NOT NULL DEFAULT '0',
  `_delete` varchar(2) COLLATE latin1_spanish_ci NOT NULL DEFAULT '0',
  PRIMARY KEY (`id`),
  UNIQUE KEY `ARO_ACO_KEY` (`aro_id`,`aco_id`)
) ENGINE=InnoDB  DEFAULT CHARSET=latin1 COLLATE=latin1_spanish_ci AUTO_INCREMENT=21 ;

--
-- Dumping data for table `bs_aros_acos`
--

INSERT INTO `bs_aros_acos` (`id`, `aro_id`, `aco_id`, `_create`, `_read`, `_update`, `_delete`) VALUES
(1, 1, 1, '1', '1', '1', '1'),
(2, 2, 1, '1', '1', '1', '1'),
(3, 3, 1, '-1', '-1', '-1', '-1'),
(4, 3, 10, '1', '1', '1', '1'),
(5, 3, 24, '1', '1', '1', '1'),
(6, 4, 1, '-1', '-1', '-1', '-1'),
(7, 4, 13, '1', '1', '1', '1'),
(8, 4, 14, '1', '1', '1', '1'),
(9, 4, 27, '1', '1', '1', '1'),
(10, 4, 28, '1', '1', '1', '1'),
(11, 4, 90, '1', '1', '1', '1'),
(12, 4, 92, '1', '1', '1', '1'),
(13, 4, 214, '1', '1', '1', '1'),
(14, 4, 215, '1', '1', '1', '1'),
(15, 4, 223, '1', '1', '1', '1'),
(16, 4, 229, '1', '1', '1', '1'),
(17, 4, 58, '-1', '-1', '-1', '-1'),
(18, 4, 243, '1', '1', '1', '1'),
(19, 2, 110, '1', '1', '1', '1'),
(20, 4, 261, '-1', '-1', '-1', '-1');

-- --------------------------------------------------------

--
-- Table structure for table `bs_cities`
--

CREATE TABLE IF NOT EXISTS `bs_cities` (
  `id` int(11) NOT NULL AUTO_INCREMENT,
  `title` varchar(255) COLLATE latin1_spanish_ci NOT NULL,
  `status` int(1) NOT NULL,
  `created` datetime NOT NULL,
  `modified` datetime NOT NULL,
  PRIMARY KEY (`id`)
) ENGINE=InnoDB  DEFAULT CHARSET=latin1 COLLATE=latin1_spanish_ci AUTO_INCREMENT=654 ;

--
-- Dumping data for table `bs_cities`
--

INSERT INTO `bs_cities` (`id`, `title`, `status`, `created`, `modified`) VALUES
(1, 'ACACIAS', 1, '2014-09-26 00:00:00', '2014-09-27 08:30:20'),
(2, 'ACEVEDO', 1, '2014-09-26 00:00:00', '2014-09-26 00:00:00'),
(3, 'AGUA AZUL', 1, '2014-09-26 00:00:00', '2014-09-26 00:00:00'),
(4, 'AGUA DE DIOS', 1, '2014-09-26 00:00:00', '2014-09-26 00:00:00'),
(5, 'AGUACHICA', 1, '2014-09-26 00:00:00', '2014-09-26 00:00:00'),
(6, 'AGUADAS', 1, '2014-09-26 00:00:00', '2014-09-26 00:00:00'),
(7, 'AIPE', 1, '2014-09-26 00:00:00', '2014-09-26 00:00:00'),
(8, 'ALBAN', 1, '2014-09-26 00:00:00', '2014-09-26 00:00:00'),
(9, 'ALBANIACAQUETA', 1, '2014-09-26 00:00:00', '2014-09-26 00:00:00'),
(10, 'ALCALA', 1, '2014-09-26 00:00:00', '2014-09-26 00:00:00'),
(11, 'ALDANA', 1, '2014-09-26 00:00:00', '2014-09-26 00:00:00'),
(12, 'ALEJANDRIA', 1, '2014-09-26 00:00:00', '2014-09-26 00:00:00'),
(13, 'ALGECIRAS', 1, '2014-09-26 00:00:00', '2014-09-26 00:00:00'),
(14, 'ALTAGRACIA', 1, '2014-09-26 00:00:00', '2014-09-26 00:00:00'),
(15, 'ALTAMIRA', 1, '2014-09-26 00:00:00', '2014-09-26 00:00:00'),
(16, 'ALTAMIRA', 1, '2014-09-26 00:00:00', '2014-09-26 00:00:00'),
(17, 'ALVARADO', 1, '2014-09-26 00:00:00', '2014-09-26 00:00:00'),
(18, 'AMAGA', 1, '2014-09-26 00:00:00', '2014-09-26 00:00:00'),
(19, 'AMAIME', 1, '2014-09-26 00:00:00', '2014-09-26 00:00:00'),
(20, 'AMALFI', 1, '2014-09-26 00:00:00', '2014-09-26 00:00:00'),
(21, 'AMBALEMA', 1, '2014-09-26 00:00:00', '2014-09-26 00:00:00'),
(22, 'ANAPOIMA', 1, '2014-09-26 00:00:00', '2014-09-26 00:00:00'),
(23, 'ANDALUCIA', 1, '2014-09-26 00:00:00', '2014-09-26 00:00:00'),
(24, 'ANDES', 1, '2014-09-26 00:00:00', '2014-09-26 00:00:00'),
(25, 'ANGELOPOLIS', 1, '2014-09-26 00:00:00', '2014-09-26 00:00:00'),
(26, 'ANGOSTURA', 1, '2014-09-26 00:00:00', '2014-09-26 00:00:00'),
(27, 'ANORI-ANTIOQUIA', 1, '2014-09-26 00:00:00', '2014-09-26 00:00:00'),
(28, 'ANSERMA', 1, '2014-09-26 00:00:00', '2014-09-26 00:00:00'),
(29, 'ANSERMA NUEVO', 1, '2014-09-26 00:00:00', '2014-09-26 00:00:00'),
(30, 'APARTADO', 1, '2014-09-26 00:00:00', '2014-09-26 00:00:00'),
(31, 'APIA', 1, '2014-09-26 00:00:00', '2014-09-26 00:00:00'),
(32, 'ARACATACA', 1, '2014-09-26 00:00:00', '2014-09-26 00:00:00'),
(33, 'ARANJUEZ', 1, '2014-09-26 00:00:00', '2014-09-26 00:00:00'),
(34, 'ARANZAZU', 1, '2014-09-26 00:00:00', '2014-09-26 00:00:00'),
(35, 'ARAUCA', 1, '2014-09-26 00:00:00', '2014-09-26 00:00:00'),
(36, 'ARAUCA', 1, '2014-09-26 00:00:00', '2014-09-26 00:00:00'),
(37, 'ARAUQUITA', 1, '2014-09-26 00:00:00', '2014-09-26 00:00:00'),
(38, 'ARBELAEZ', 1, '2014-09-26 00:00:00', '2014-09-26 00:00:00'),
(39, 'ARBOLETES', 1, '2014-09-26 00:00:00', '2014-09-26 00:00:00'),
(40, 'ARGELIA', 1, '2014-09-26 00:00:00', '2014-09-26 00:00:00'),
(41, 'ARIGUANI', 1, '2014-09-26 00:00:00', '2014-09-26 00:00:00'),
(42, 'ARJONA', 1, '2014-09-26 00:00:00', '2014-09-26 00:00:00'),
(43, 'ARMENIA', 1, '2014-09-26 00:00:00', '2014-09-26 00:00:00'),
(44, 'ARMERO', 1, '2014-09-26 00:00:00', '2014-09-26 00:00:00'),
(45, 'ARMERO GUAYABAL', 1, '2014-09-26 00:00:00', '2014-09-26 00:00:00'),
(46, 'ASN', 1, '2014-09-26 00:00:00', '2014-09-26 00:00:00'),
(47, 'AYAPEL', 1, '2014-09-26 00:00:00', '2014-09-26 00:00:00'),
(48, 'BARANOA', 1, '2014-09-26 00:00:00', '2014-09-26 00:00:00'),
(49, 'BARAYA', 1, '2014-09-26 00:00:00', '2014-09-26 00:00:00'),
(50, 'BARBOSA', 1, '2014-09-26 00:00:00', '2014-09-26 00:00:00'),
(51, 'BARBOSA SANT', 1, '2014-09-26 00:00:00', '2014-09-26 00:00:00'),
(52, 'BARCELONA CALDAS', 1, '2014-09-26 00:00:00', '2014-09-26 00:00:00'),
(53, 'BARCELONA QUINDIO', 1, '2014-09-26 00:00:00', '2014-09-26 00:00:00'),
(54, 'BARICHARA', 1, '2014-09-26 00:00:00', '2014-09-26 00:00:00'),
(55, 'BARRANCABERMEJA', 1, '2014-09-26 00:00:00', '2014-09-26 00:00:00'),
(56, 'BARRANQUILLA', 1, '2014-09-26 00:00:00', '2014-09-26 00:00:00'),
(57, 'BELALCAZAR', 1, '2014-09-26 00:00:00', '2014-09-26 00:00:00'),
(58, 'BELEN', 1, '2014-09-26 00:00:00', '2014-09-26 00:00:00'),
(59, 'BELEN DE LOS ANDAQUIES', 1, '2014-09-26 00:00:00', '2014-09-26 00:00:00'),
(60, 'BELEN DE UMBRIA', 1, '2014-09-26 00:00:00', '2014-09-26 00:00:00'),
(61, 'BELENBOYACA', 1, '2014-09-26 00:00:00', '2014-09-26 00:00:00'),
(62, 'BELLO', 1, '2014-09-26 00:00:00', '2014-09-26 00:00:00'),
(63, 'BETULIA', 1, '2014-09-26 00:00:00', '2014-09-26 00:00:00'),
(64, 'BOCHALEMA', 1, '2014-09-26 00:00:00', '2014-09-26 00:00:00'),
(65, 'BOGOTA D.C.', 1, '2014-09-26 00:00:00', '2014-09-26 00:00:00'),
(66, 'BOLIVAR', 1, '2014-09-26 00:00:00', '2014-09-26 00:00:00'),
(67, 'BOLIVAR-ANTIOQUIA', 1, '2014-09-26 00:00:00', '2014-09-26 00:00:00'),
(68, 'BOQUERON', 1, '2014-09-26 00:00:00', '2014-09-26 00:00:00'),
(69, 'BOSA', 1, '2014-09-26 00:00:00', '2014-09-26 00:00:00'),
(70, 'BOSCONIA', 1, '2014-09-26 00:00:00', '2014-09-26 00:00:00'),
(71, 'BOYACA', 1, '2014-09-26 00:00:00', '2014-09-26 00:00:00'),
(72, 'BUCARAMANGA', 1, '2014-09-26 00:00:00', '2014-09-26 00:00:00'),
(73, 'BUENAVENTURA', 1, '2014-09-26 00:00:00', '2014-09-26 00:00:00'),
(74, 'BUGA', 1, '2014-09-26 00:00:00', '2014-09-26 00:00:00'),
(75, 'BUGALAGRANDE', 1, '2014-09-26 00:00:00', '2014-09-26 00:00:00'),
(76, 'CABRERA', 1, '2014-09-26 00:00:00', '2014-09-26 00:00:00'),
(77, 'CACERES', 1, '2014-09-26 00:00:00', '2014-09-26 00:00:00'),
(78, 'CACHANCIPA', 1, '2014-09-26 00:00:00', '2014-09-26 00:00:00'),
(79, 'CACHIPAY', 1, '2014-09-26 00:00:00', '2014-09-26 00:00:00'),
(80, 'CAICEDONIA', 1, '2014-09-26 00:00:00', '2014-09-26 00:00:00'),
(81, 'CAJAMARCA', 1, '2014-09-26 00:00:00', '2014-09-26 00:00:00'),
(82, 'CAJICA', 1, '2014-09-26 00:00:00', '2014-09-26 00:00:00'),
(83, 'CALAMAR', 1, '2014-09-26 00:00:00', '2014-09-26 00:00:00'),
(84, 'CALARCA', 1, '2014-09-26 00:00:00', '2014-09-26 00:00:00'),
(85, 'CALDAS', 1, '2014-09-26 00:00:00', '2014-09-26 00:00:00'),
(86, 'CALDAS RISARALDA', 1, '2014-09-26 00:00:00', '2014-09-26 00:00:00'),
(87, 'CALDASANTIOQUIA', 1, '2014-09-26 00:00:00', '2014-09-26 00:00:00'),
(88, 'CALI', 1, '2014-09-26 00:00:00', '2014-09-26 00:00:00'),
(89, 'CALOTO', 1, '2014-09-26 00:00:00', '2014-09-26 00:00:00'),
(90, 'CAMPECHE', 1, '2014-09-26 00:00:00', '2014-09-26 00:00:00'),
(91, 'CAMPO ALEGRE', 1, '2014-09-26 00:00:00', '2014-09-26 00:00:00'),
(92, 'CAMPO DE LA CRUZ', 1, '2014-09-26 00:00:00', '2014-09-26 00:00:00'),
(93, 'CANDELARIA', 1, '2014-09-26 00:00:00', '2014-09-26 00:00:00'),
(94, 'CAPITANEJOSANTANDER', 1, '2014-09-26 00:00:00', '2014-09-26 00:00:00'),
(95, 'CAQUEZA', 1, '2014-09-26 00:00:00', '2014-09-26 00:00:00'),
(96, 'CARACOLI', 1, '2014-09-26 00:00:00', '2014-09-26 00:00:00'),
(97, 'CARAMANTA', 1, '2014-09-26 00:00:00', '2014-09-26 00:00:00'),
(98, 'CAREPA', 1, '2014-09-26 00:00:00', '2014-09-26 00:00:00'),
(99, 'CARMEN DE APICALA', 1, '2014-09-26 00:00:00', '2014-09-26 00:00:00'),
(100, 'CARMEN DE BOLIVAR', 1, '2014-09-26 00:00:00', '2014-09-26 00:00:00'),
(101, 'CARMEN DELVIBORAL', 1, '2014-09-26 00:00:00', '2014-09-26 00:00:00'),
(102, 'CAROLINA DEL PRINCIPE', 1, '2014-09-26 00:00:00', '2014-09-26 00:00:00'),
(103, 'CARTAGENA', 1, '2014-09-26 00:00:00', '2014-09-26 00:00:00'),
(104, 'CARTAGENACOL', 1, '2014-09-26 00:00:00', '2014-09-26 00:00:00'),
(105, 'CARTAGO', 1, '2014-09-26 00:00:00', '2014-09-26 00:00:00'),
(106, 'CASTELAMAR', 1, '2014-09-26 00:00:00', '2014-09-26 00:00:00'),
(107, 'CASTILLA LA NUEVA', 1, '2014-09-26 00:00:00', '2014-09-26 00:00:00'),
(108, 'CAUCASIA', 1, '2014-09-26 00:00:00', '2014-09-26 00:00:00'),
(109, 'CERETE', 1, '2014-09-26 00:00:00', '2014-09-26 00:00:00'),
(110, 'CERREJON', 1, '2014-09-26 00:00:00', '2014-09-26 00:00:00'),
(111, 'CERRITOVALLE', 1, '2014-09-26 00:00:00', '2014-09-26 00:00:00'),
(112, 'CHACHAGUI', 1, '2014-09-26 00:00:00', '2014-09-26 00:00:00'),
(113, 'CHAPARRAL', 1, '2014-09-26 00:00:00', '2014-09-26 00:00:00'),
(114, 'CHARALA', 1, '2014-09-26 00:00:00', '2014-09-26 00:00:00'),
(115, 'CHIA', 1, '2014-09-26 00:00:00', '2014-09-26 00:00:00'),
(116, 'CHIAUTZINGO (MUNICIPIO)', 1, '2014-09-26 00:00:00', '2014-09-26 00:00:00'),
(117, 'CHICORAL', 1, '2014-09-26 00:00:00', '2014-09-26 00:00:00'),
(118, 'CHIGOROBO', 1, '2014-09-26 00:00:00', '2014-09-26 00:00:00'),
(119, 'CHIGORODO', 1, '2014-09-26 00:00:00', '2014-09-26 00:00:00'),
(120, 'CHIMACOTA', 1, '2014-09-26 00:00:00', '2014-09-26 00:00:00'),
(121, 'CHIMICHAGUA', 1, '2014-09-26 00:00:00', '2014-09-26 00:00:00'),
(122, 'CHINACOTA', 1, '2014-09-26 00:00:00', '2014-09-26 00:00:00'),
(123, 'CHINAVITA', 1, '2014-09-26 00:00:00', '2014-09-26 00:00:00'),
(124, 'CHINCHINA', 1, '2014-09-26 00:00:00', '2014-09-26 00:00:00'),
(125, 'CHINU', 1, '2014-09-26 00:00:00', '2014-09-26 00:00:00'),
(126, 'CHIQUINQUIRA', 1, '2014-09-26 00:00:00', '2014-09-26 00:00:00'),
(127, 'CHIRIGUANA', 1, '2014-09-26 00:00:00', '2014-09-26 00:00:00'),
(128, 'CHOACHI', 1, '2014-09-26 00:00:00', '2014-09-26 00:00:00'),
(129, 'CHOCONTA', 1, '2014-09-26 00:00:00', '2014-09-26 00:00:00'),
(130, 'CIENAGA', 1, '2014-09-26 00:00:00', '2014-09-26 00:00:00'),
(131, 'CIENAGA DE ORO', 1, '2014-09-26 00:00:00', '2014-09-26 00:00:00'),
(132, 'CIMITARRA', 1, '2014-09-26 00:00:00', '2014-09-26 00:00:00'),
(133, 'CIRCACIA', 1, '2014-09-26 00:00:00', '2014-09-26 00:00:00'),
(134, 'CISNEROS', 1, '2014-09-26 00:00:00', '2014-09-26 00:00:00'),
(135, 'CIUDAD BOLIVAR', 1, '2014-09-26 00:00:00', '2014-09-26 00:00:00'),
(136, 'CIUDAD JARDIN', 1, '2014-09-26 00:00:00', '2014-09-26 00:00:00'),
(137, 'CLEMENCIA', 1, '2014-09-26 00:00:00', '2014-09-26 00:00:00'),
(138, 'COCOTITLAN', 1, '2014-09-26 00:00:00', '2014-09-26 00:00:00'),
(139, 'CODACI', 1, '2014-09-26 00:00:00', '2014-09-26 00:00:00'),
(140, 'CODAZZI', 1, '2014-09-26 00:00:00', '2014-09-26 00:00:00'),
(141, 'COFRADIA', 1, '2014-09-26 00:00:00', '2014-09-26 00:00:00'),
(142, 'COGUA', 1, '2014-09-26 00:00:00', '2014-09-26 00:00:00'),
(143, 'COLON', 1, '2014-09-26 00:00:00', '2014-09-26 00:00:00'),
(144, 'COMBITA', 1, '2014-09-26 00:00:00', '2014-09-26 00:00:00'),
(145, 'CONCEPCION', 1, '2014-09-26 00:00:00', '2014-09-26 00:00:00'),
(146, 'CONCORDIA', 1, '2014-09-26 00:00:00', '2014-09-26 00:00:00'),
(147, 'CONVENCION', 1, '2014-09-26 00:00:00', '2014-09-26 00:00:00'),
(148, 'COPACABAN', 1, '2014-09-26 00:00:00', '2014-09-26 00:00:00'),
(149, 'COPACABANA', 1, '2014-09-26 00:00:00', '2014-09-26 00:00:00'),
(150, 'CORAZAL', 1, '2014-09-26 00:00:00', '2014-09-26 00:00:00'),
(151, 'CORDOBA', 1, '2014-09-26 00:00:00', '2014-09-26 00:00:00'),
(152, 'CORINTO', 1, '2014-09-26 00:00:00', '2014-09-26 00:00:00'),
(153, 'COROZAL', 1, '2014-09-26 00:00:00', '2014-09-26 00:00:00'),
(154, 'CORREGIMIENTO SAN JOAQUIN', 1, '2014-09-26 00:00:00', '2014-09-26 00:00:00'),
(155, 'COSTARICA', 1, '2014-09-26 00:00:00', '2014-09-26 00:00:00'),
(156, 'COTA', 1, '2014-09-26 00:00:00', '2014-09-26 00:00:00'),
(157, 'COVEÑAS', 1, '2014-09-26 00:00:00', '2014-09-26 00:00:00'),
(158, 'CRC', 1, '2014-09-26 00:00:00', '2014-09-26 00:00:00'),
(159, 'CUBA', 1, '2014-09-26 00:00:00', '2014-09-26 00:00:00'),
(160, 'CUBARRAL', 1, '2014-09-26 00:00:00', '2014-09-26 00:00:00'),
(161, 'CUCUTA NS', 1, '2014-09-26 00:00:00', '2014-09-26 00:00:00'),
(162, 'CUMARAL', 1, '2014-09-26 00:00:00', '2014-09-26 00:00:00'),
(163, 'CUNDAY', 1, '2014-09-26 00:00:00', '2014-09-26 00:00:00'),
(164, 'CURITI', 1, '2014-09-26 00:00:00', '2014-09-26 00:00:00'),
(165, 'CURRILLO', 1, '2014-09-26 00:00:00', '2014-09-26 00:00:00'),
(166, 'CURRULAO', 1, '2014-09-26 00:00:00', '2014-09-26 00:00:00'),
(167, 'CURUMAN', 1, '2014-09-26 00:00:00', '2014-09-26 00:00:00'),
(168, 'CURUMANII', 1, '2014-09-26 00:00:00', '2014-09-26 00:00:00'),
(169, 'CVL', 1, '2014-09-26 00:00:00', '2014-09-26 00:00:00'),
(170, 'DABEIVA', 1, '2014-09-26 00:00:00', '2014-09-26 00:00:00'),
(171, 'DAGUA', 1, '2014-09-26 00:00:00', '2014-09-26 00:00:00'),
(172, 'DIBUYA', 1, '2014-09-26 00:00:00', '2014-09-26 00:00:00'),
(173, 'DON MATIAS', 1, '2014-09-26 00:00:00', '2014-09-26 00:00:00'),
(174, 'DONCELLO', 1, '2014-09-26 00:00:00', '2014-09-26 00:00:00'),
(175, 'DOS QUEBRADAS', 1, '2014-09-26 00:00:00', '2014-09-26 00:00:00'),
(176, 'DOVIO', 1, '2014-09-26 00:00:00', '2014-09-26 00:00:00'),
(177, 'DUITAMA', 1, '2014-09-26 00:00:00', '2014-09-26 00:00:00'),
(178, 'EL AGUILA', 1, '2014-09-26 00:00:00', '2014-09-26 00:00:00'),
(179, 'EL BAGRE', 1, '2014-09-26 00:00:00', '2014-09-26 00:00:00'),
(180, 'EL BANCO', 1, '2014-09-26 00:00:00', '2014-09-26 00:00:00'),
(181, 'EL BORDO', 1, '2014-09-26 00:00:00', '2014-09-26 00:00:00'),
(182, 'EL CAIRO', 1, '2014-09-26 00:00:00', '2014-09-26 00:00:00'),
(183, 'EL CARMELO', 1, '2014-09-26 00:00:00', '2014-09-26 00:00:00'),
(184, 'EL CARMEN DE BOLIVAR', 1, '2014-09-26 00:00:00', '2014-09-26 00:00:00'),
(185, 'EL CERRITO', 1, '2014-09-26 00:00:00', '2014-09-26 00:00:00'),
(186, 'EL DARIEN', 1, '2014-09-26 00:00:00', '2014-09-26 00:00:00'),
(187, 'EL DON CELLO', 1, '2014-09-26 00:00:00', '2014-09-26 00:00:00'),
(188, 'EL DOVIO', 1, '2014-09-26 00:00:00', '2014-09-26 00:00:00'),
(189, 'EL MANGUE', 1, '2014-09-26 00:00:00', '2014-09-26 00:00:00'),
(190, 'EL MOLINO', 1, '2014-09-26 00:00:00', '2014-09-26 00:00:00'),
(191, 'EL PEÑOL', 1, '2014-09-26 00:00:00', '2014-09-26 00:00:00'),
(192, 'EL PLACER', 1, '2014-09-26 00:00:00', '2014-09-26 00:00:00'),
(193, 'EL RETIRO', 1, '2014-09-26 00:00:00', '2014-09-26 00:00:00'),
(194, 'EL RODADERO', 1, '2014-09-26 00:00:00', '2014-09-26 00:00:00'),
(195, 'EL SANTUARIO', 1, '2014-09-26 00:00:00', '2014-09-26 00:00:00'),
(196, 'EL ZULIA', 1, '2014-09-26 00:00:00', '2014-09-26 00:00:00'),
(197, 'ELC', 1, '2014-09-26 00:00:00', '2014-09-26 00:00:00'),
(198, 'ENGATIVA', 1, '2014-09-26 00:00:00', '2014-09-26 00:00:00'),
(199, 'ENTERIOS', 1, '2014-09-26 00:00:00', '2014-09-26 00:00:00'),
(200, 'ENTRERIOS', 1, '2014-09-26 00:00:00', '2014-09-26 00:00:00'),
(201, 'ENTRERRIOS', 1, '2014-09-26 00:00:00', '2014-09-26 00:00:00'),
(202, 'ENVIGADO', 1, '2014-09-26 00:00:00', '2014-09-26 00:00:00'),
(203, 'ESPINAL', 1, '2014-09-26 00:00:00', '2014-09-26 00:00:00'),
(204, 'FACATATIVA', 1, '2014-09-26 00:00:00', '2014-09-26 00:00:00'),
(205, 'FELICIA', 1, '2014-09-26 00:00:00', '2014-09-26 00:00:00'),
(206, 'FILADELFIA', 1, '2014-09-26 00:00:00', '2014-09-26 00:00:00'),
(207, 'FILANDIA', 1, '2014-09-26 00:00:00', '2014-09-26 00:00:00'),
(208, 'FLANDES', 1, '2014-09-26 00:00:00', '2014-09-26 00:00:00'),
(209, 'FLORENCIA', 1, '2014-09-26 00:00:00', '2014-09-26 00:00:00'),
(210, 'FLORIDA BLANCA', 1, '2014-09-26 00:00:00', '2014-09-26 00:00:00'),
(211, 'FLORIDA BLANCA', 1, '2014-09-26 00:00:00', '2014-09-26 00:00:00'),
(212, 'FLORIDAVALLE', 1, '2014-09-26 00:00:00', '2014-09-26 00:00:00'),
(213, 'FOMEQUE', 1, '2014-09-26 00:00:00', '2014-09-26 00:00:00'),
(214, 'FONSECA', 1, '2014-09-26 00:00:00', '2014-09-26 00:00:00'),
(215, 'FONTIBON', 1, '2014-09-26 00:00:00', '2014-09-26 00:00:00'),
(216, 'FREDONIA', 1, '2014-09-26 00:00:00', '2014-09-26 00:00:00'),
(217, 'FRESNO', 1, '2014-09-26 00:00:00', '2014-09-26 00:00:00'),
(218, 'FRONTINO', 1, '2014-09-26 00:00:00', '2014-09-26 00:00:00'),
(219, 'FUNDACION', 1, '2014-09-26 00:00:00', '2014-09-26 00:00:00'),
(220, 'FUNZA', 1, '2014-09-26 00:00:00', '2014-09-26 00:00:00'),
(221, 'FUSAGASUGA', 1, '2014-09-26 00:00:00', '2014-09-26 00:00:00'),
(222, 'GACHANCIPA', 1, '2014-09-26 00:00:00', '2014-09-26 00:00:00'),
(223, 'GAIRA', 1, '2014-09-26 00:00:00', '2014-09-26 00:00:00'),
(224, 'GALAN', 1, '2014-09-26 00:00:00', '2014-09-26 00:00:00'),
(225, 'GALAPA', 1, '2014-09-26 00:00:00', '2014-09-26 00:00:00'),
(226, 'GAMARRA', 1, '2014-09-26 00:00:00', '2014-09-26 00:00:00'),
(227, 'GARAGOA', 1, '2014-09-26 00:00:00', '2014-09-26 00:00:00'),
(228, 'GARZON', 1, '2014-09-26 00:00:00', '2014-09-26 00:00:00'),
(229, 'GENOVA', 1, '2014-09-26 00:00:00', '2014-09-26 00:00:00'),
(230, 'GIGANTE', 1, '2014-09-26 00:00:00', '2014-09-26 00:00:00'),
(231, 'GINEBRA', 1, '2014-09-26 00:00:00', '2014-09-26 00:00:00'),
(232, 'GIRARDOT', 1, '2014-09-26 00:00:00', '2014-09-26 00:00:00'),
(233, 'GIRARDOTA', 1, '2014-09-26 00:00:00', '2014-09-26 00:00:00'),
(234, 'GIRON', 1, '2014-09-26 00:00:00', '2014-09-26 00:00:00'),
(235, 'GOMEZ PLATA', 1, '2014-09-26 00:00:00', '2014-09-26 00:00:00'),
(236, 'GRANADA', 1, '2014-09-26 00:00:00', '2014-09-26 00:00:00'),
(237, 'GUACARI', 1, '2014-09-26 00:00:00', '2014-09-26 00:00:00'),
(238, 'GUADALUPE', 1, '2014-09-26 00:00:00', '2014-09-26 00:00:00'),
(239, 'GUADUAS', 1, '2014-09-26 00:00:00', '2014-09-26 00:00:00'),
(240, 'GUAJIRA', 1, '2014-09-26 00:00:00', '2014-09-26 00:00:00'),
(241, 'GUALANDAY', 1, '2014-09-26 00:00:00', '2014-09-26 00:00:00'),
(242, 'GUAMAL', 1, '2014-09-26 00:00:00', '2014-09-26 00:00:00'),
(243, 'GUAMAL', 1, '2014-09-26 00:00:00', '2014-09-26 00:00:00'),
(244, 'GUAME', 1, '2014-09-26 00:00:00', '2014-09-26 00:00:00'),
(245, 'GUAMO', 1, '2014-09-26 00:00:00', '2014-09-26 00:00:00'),
(246, 'GUAPI', 1, '2014-09-26 00:00:00', '2014-09-26 00:00:00'),
(247, 'GUARINOCITO', 1, '2014-09-26 00:00:00', '2014-09-26 00:00:00'),
(248, 'GUARNE', 1, '2014-09-26 00:00:00', '2014-09-26 00:00:00'),
(249, 'GUATAPE', 1, '2014-09-26 00:00:00', '2014-09-26 00:00:00'),
(250, 'GUATAVITA', 1, '2014-09-26 00:00:00', '2014-09-26 00:00:00'),
(251, 'GUATEQUE', 1, '2014-09-26 00:00:00', '2014-09-26 00:00:00'),
(252, 'GUATEQUE BOYACA', 1, '2014-09-26 00:00:00', '2014-09-26 00:00:00'),
(253, 'GUATICA', 1, '2014-09-26 00:00:00', '2014-09-26 00:00:00'),
(254, 'GUAYABAL', 1, '2014-09-26 00:00:00', '2014-09-26 00:00:00'),
(255, 'HISPANIA', 1, '2014-09-26 00:00:00', '2014-09-26 00:00:00'),
(256, 'HOBO', 1, '2014-09-26 00:00:00', '2014-09-26 00:00:00'),
(257, 'HOLGUIN', 1, '2014-09-26 00:00:00', '2014-09-26 00:00:00'),
(258, 'HONDA', 1, '2014-09-26 00:00:00', '2014-09-26 00:00:00'),
(259, 'HUATABAMBO', 1, '2014-09-26 00:00:00', '2014-09-26 00:00:00'),
(260, 'HUATABAMPO', 1, '2014-09-26 00:00:00', '2014-09-26 00:00:00'),
(261, 'IBAGUE', 1, '2014-09-26 00:00:00', '2014-09-26 00:00:00'),
(262, 'ICONONZO', 1, '2014-09-26 00:00:00', '2014-09-26 00:00:00'),
(263, 'ICONOUZO', 1, '2014-09-26 00:00:00', '2014-09-26 00:00:00'),
(264, 'INIRIDAGUAINIA', 1, '2014-09-26 00:00:00', '2014-09-26 00:00:00'),
(265, 'IPIALES', 1, '2014-09-26 00:00:00', '2014-09-26 00:00:00'),
(266, 'ISTMINA', 1, '2014-09-26 00:00:00', '2014-09-26 00:00:00'),
(267, 'ITAGUI', 1, '2014-09-26 00:00:00', '2014-09-26 00:00:00'),
(268, 'JAMUNDI', 1, '2014-09-26 00:00:00', '2014-09-26 00:00:00'),
(269, 'JARDIN', 1, '2014-09-26 00:00:00', '2014-09-26 00:00:00'),
(270, 'JERICO', 1, '2014-09-26 00:00:00', '2014-09-26 00:00:00'),
(271, 'JUAN DE ACOSTA', 1, '2014-09-26 00:00:00', '2014-09-26 00:00:00'),
(272, 'JUAN DE AMPUDIA', 1, '2014-09-26 00:00:00', '2014-09-26 00:00:00'),
(273, 'LA ARGENTINA', 1, '2014-09-26 00:00:00', '2014-09-26 00:00:00'),
(274, 'LA BALSA', 1, '2014-09-26 00:00:00', '2014-09-26 00:00:00'),
(275, 'LA CALERA', 1, '2014-09-26 00:00:00', '2014-09-26 00:00:00'),
(276, 'LA CEJA', 1, '2014-09-26 00:00:00', '2014-09-26 00:00:00'),
(277, 'LA CELIA', 1, '2014-09-26 00:00:00', '2014-09-26 00:00:00'),
(278, 'LA CRUZ', 1, '2014-09-26 00:00:00', '2014-09-26 00:00:00'),
(279, 'LA CUMBRE', 1, '2014-09-26 00:00:00', '2014-09-26 00:00:00'),
(280, 'LA DORADA', 1, '2014-09-26 00:00:00', '2014-09-26 00:00:00'),
(281, 'LA ESTRELLA', 1, '2014-09-26 00:00:00', '2014-09-26 00:00:00'),
(282, 'LA FELIZA', 1, '2014-09-26 00:00:00', '2014-09-26 00:00:00'),
(283, 'LA GLORIA CESAR', 1, '2014-09-26 00:00:00', '2014-09-26 00:00:00'),
(284, 'LA MARINA', 1, '2014-09-26 00:00:00', '2014-09-26 00:00:00'),
(285, 'LA MESA', 1, '2014-09-26 00:00:00', '2014-09-26 00:00:00'),
(286, 'LA PAILA', 1, '2014-09-26 00:00:00', '2014-09-26 00:00:00'),
(287, 'LA PALMA', 1, '2014-09-26 00:00:00', '2014-09-26 00:00:00'),
(288, 'LA PARADA', 1, '2014-09-26 00:00:00', '2014-09-26 00:00:00'),
(289, 'LA PAZCESAR', 1, '2014-09-26 00:00:00', '2014-09-26 00:00:00'),
(290, 'LA PINTADA', 1, '2014-09-26 00:00:00', '2014-09-26 00:00:00'),
(291, 'LA PLATA', 1, '2014-09-26 00:00:00', '2014-09-26 00:00:00'),
(292, 'LA PLAYA', 1, '2014-09-26 00:00:00', '2014-09-26 00:00:00'),
(293, 'LA SIERRA', 1, '2014-09-26 00:00:00', '2014-09-26 00:00:00'),
(294, 'LA TEBAIDA', 1, '2014-09-26 00:00:00', '2014-09-26 00:00:00'),
(295, 'LA TEBAIDAQUINDIO', 1, '2014-09-26 00:00:00', '2014-09-26 00:00:00'),
(296, 'LA UNION', 1, '2014-09-26 00:00:00', '2014-09-26 00:00:00'),
(297, 'LA UNION ANT', 1, '2014-09-26 00:00:00', '2014-09-26 00:00:00'),
(298, 'LA UNION VALLE', 1, '2014-09-26 00:00:00', '2014-09-26 00:00:00'),
(299, 'LA VEGA', 1, '2014-09-26 00:00:00', '2014-09-26 00:00:00'),
(300, 'LA VICTOR', 1, '2014-09-26 00:00:00', '2014-09-26 00:00:00'),
(301, 'LA VICTORIA', 1, '2014-09-26 00:00:00', '2014-09-26 00:00:00'),
(302, 'LA VIRGINIA', 1, '2014-09-26 00:00:00', '2014-09-26 00:00:00'),
(303, 'LAJAGUA DE IBIRICO', 1, '2014-09-26 00:00:00', '2014-09-26 00:00:00'),
(304, 'LEBRIJACOL', 1, '2014-09-26 00:00:00', '2014-09-26 00:00:00'),
(305, 'LEBUJA', 1, '2014-09-26 00:00:00', '2014-09-26 00:00:00'),
(306, 'LERIDA', 1, '2014-09-26 00:00:00', '2014-09-26 00:00:00'),
(307, 'LETICIA', 1, '2014-09-26 00:00:00', '2014-09-26 00:00:00'),
(308, 'LIBANOTOL', 1, '2014-09-26 00:00:00', '2014-09-26 00:00:00'),
(309, 'LIBORINA', 1, '2014-09-26 00:00:00', '2014-09-26 00:00:00'),
(310, 'LIBURINA', 1, '2014-09-26 00:00:00', '2014-09-26 00:00:00'),
(311, 'LLANADA', 1, '2014-09-26 00:00:00', '2014-09-26 00:00:00'),
(312, 'LORICA', 1, '2014-09-26 00:00:00', '2014-09-26 00:00:00'),
(313, 'LOS PALMITOS', 1, '2014-09-26 00:00:00', '2014-09-26 00:00:00'),
(314, 'LOS PATIOS', 1, '2014-09-26 00:00:00', '2014-09-26 00:00:00'),
(315, 'LOS PINARES', 1, '2014-09-26 00:00:00', '2014-09-26 00:00:00'),
(316, 'LUIS ALBERTO DUQUE', 1, '2014-09-26 00:00:00', '2014-09-26 00:00:00'),
(317, 'MACEO', 1, '2014-09-26 00:00:00', '2014-09-26 00:00:00'),
(318, 'MADRID', 1, '2014-09-26 00:00:00', '2014-09-26 00:00:00'),
(319, 'MAGANGUE', 1, '2014-09-26 00:00:00', '2014-09-26 00:00:00'),
(320, 'MAICAO', 1, '2014-09-26 00:00:00', '2014-09-26 00:00:00'),
(321, 'MAJAGUAL', 1, '2014-09-26 00:00:00', '2014-09-26 00:00:00'),
(322, 'MALAGA', 1, '2014-09-26 00:00:00', '2014-09-26 00:00:00'),
(323, 'MALAMBO', 1, '2014-09-26 00:00:00', '2014-09-26 00:00:00'),
(324, 'MANATI', 1, '2014-09-26 00:00:00', '2014-09-26 00:00:00'),
(325, 'MANI', 1, '2014-09-26 00:00:00', '2014-09-26 00:00:00'),
(326, 'MANIZALES', 1, '2014-09-26 00:00:00', '2014-09-26 00:00:00'),
(327, 'MANZANARES', 1, '2014-09-26 00:00:00', '2014-09-26 00:00:00'),
(328, 'MARIA LABAJO', 1, '2014-09-26 00:00:00', '2014-09-26 00:00:00'),
(329, 'MARINILLA', 1, '2014-09-26 00:00:00', '2014-09-26 00:00:00'),
(330, 'MARIQUITA', 1, '2014-09-26 00:00:00', '2014-09-26 00:00:00'),
(331, 'MARQUETALIA', 1, '2014-09-26 00:00:00', '2014-09-26 00:00:00'),
(332, 'MARSELLA', 1, '2014-09-26 00:00:00', '2014-09-26 00:00:00'),
(333, 'MEDELLIN', 1, '2014-09-26 00:00:00', '2014-09-26 00:00:00'),
(334, 'MELGAR', 1, '2014-09-26 00:00:00', '2014-09-26 00:00:00'),
(335, 'MESISTAS DEL COLEGIO', 1, '2014-09-26 00:00:00', '2014-09-26 00:00:00'),
(336, 'MINGUEO', 1, '2014-09-26 00:00:00', '2014-09-26 00:00:00'),
(337, 'MIRAFLOR', 1, '2014-09-26 00:00:00', '2014-09-26 00:00:00'),
(338, 'MIRANDA', 1, '2014-09-26 00:00:00', '2014-09-26 00:00:00'),
(339, 'MISTRATO', 1, '2014-09-26 00:00:00', '2014-09-26 00:00:00'),
(340, 'MITU', 1, '2014-09-26 00:00:00', '2014-09-26 00:00:00'),
(341, 'MNN', 1, '2014-09-26 00:00:00', '2014-09-26 00:00:00'),
(342, 'MOCOA', 1, '2014-09-26 00:00:00', '2014-09-26 00:00:00'),
(343, 'MOMIL', 1, '2014-09-26 00:00:00', '2014-09-26 00:00:00'),
(344, 'MOMPOS', 1, '2014-09-26 00:00:00', '2014-09-26 00:00:00'),
(345, 'MONGUA', 1, '2014-09-26 00:00:00', '2014-09-26 00:00:00'),
(346, 'MONGUI', 1, '2014-09-26 00:00:00', '2014-09-26 00:00:00'),
(347, 'MONIQUIRA', 1, '2014-09-26 00:00:00', '2014-09-26 00:00:00'),
(348, 'MONPO', 1, '2014-09-26 00:00:00', '2014-09-26 00:00:00'),
(349, 'MONROA', 1, '2014-09-26 00:00:00', '2014-09-26 00:00:00'),
(350, 'MONTELIBANO CORDOBA', 1, '2014-09-26 00:00:00', '2014-09-26 00:00:00'),
(351, 'MONTENEGRO', 1, '2014-09-26 00:00:00', '2014-09-26 00:00:00'),
(352, 'MONTERIA', 1, '2014-09-26 00:00:00', '2014-09-26 00:00:00'),
(353, 'MONTERREY', 1, '2014-09-26 00:00:00', '2014-09-26 00:00:00'),
(354, 'MORALES', 1, '2014-09-26 00:00:00', '2014-09-26 00:00:00'),
(355, 'MOSQUERABOYACA', 1, '2014-09-26 00:00:00', '2014-09-26 00:00:00'),
(356, 'MOSQUERACUNDINAMARCA', 1, '2014-09-26 00:00:00', '2014-09-26 00:00:00'),
(357, 'MUNICIPIO DE URRAO', 1, '2014-09-26 00:00:00', '2014-09-26 00:00:00'),
(358, 'MUNICIPIO DEL ZULIA', 1, '2014-09-26 00:00:00', '2014-09-26 00:00:00'),
(359, 'NARIÑO', 1, '2014-09-26 00:00:00', '2014-09-26 00:00:00'),
(360, 'NATAGAIMA', 1, '2014-09-26 00:00:00', '2014-09-26 00:00:00'),
(361, 'NECOCLI', 1, '2014-09-26 00:00:00', '2014-09-26 00:00:00'),
(362, 'NEIRA', 1, '2014-09-26 00:00:00', '2014-09-26 00:00:00'),
(363, 'NEIVA', 1, '2014-09-26 00:00:00', '2014-09-26 00:00:00'),
(364, 'NEMOCON', 1, '2014-09-26 00:00:00', '2014-09-26 00:00:00'),
(365, 'NILO', 1, '2014-09-26 00:00:00', '2014-09-26 00:00:00'),
(366, 'NIQUIA', 1, '2014-09-26 00:00:00', '2014-09-26 00:00:00'),
(367, 'NOBSA', 1, '2014-09-26 00:00:00', '2014-09-26 00:00:00'),
(368, 'NOCAIMA', 1, '2014-09-26 00:00:00', '2014-09-26 00:00:00'),
(369, 'NONE', 1, '2014-09-26 00:00:00', '2014-09-26 00:00:00'),
(370, 'NONE', 1, '2014-09-26 00:00:00', '2014-09-26 00:00:00'),
(371, 'NONEZ', 1, '2014-09-26 00:00:00', '2014-09-26 00:00:00'),
(372, 'NORCACIA', 1, '2014-09-26 00:00:00', '2014-09-26 00:00:00'),
(373, 'OBANDO', 1, '2014-09-26 00:00:00', '2014-09-26 00:00:00'),
(374, 'OCANA', 1, '2014-09-26 00:00:00', '2014-09-26 00:00:00'),
(375, 'OCAÑA', 1, '2014-09-26 00:00:00', '2014-09-26 00:00:00'),
(376, 'OIBA', 1, '2014-09-26 00:00:00', '2014-09-26 00:00:00'),
(377, 'ORIQUELA', 1, '2014-09-26 00:00:00', '2014-09-26 00:00:00'),
(378, 'ORITO', 1, '2014-09-26 00:00:00', '2014-09-26 00:00:00'),
(379, 'ORTEGA', 1, '2014-09-26 00:00:00', '2014-09-26 00:00:00'),
(380, 'ORTEGATOLIMA', 1, '2014-09-26 00:00:00', '2014-09-26 00:00:00'),
(381, 'OVEJAS', 1, '2014-09-26 00:00:00', '2014-09-26 00:00:00'),
(382, 'PACHO', 1, '2014-09-26 00:00:00', '2014-09-26 00:00:00'),
(383, 'PACORA', 1, '2014-09-26 00:00:00', '2014-09-26 00:00:00'),
(384, 'PADUA', 1, '2014-09-26 00:00:00', '2014-09-26 00:00:00'),
(385, 'PAICOL', 1, '2014-09-26 00:00:00', '2014-09-26 00:00:00'),
(386, 'PAILITAS', 1, '2014-09-26 00:00:00', '2014-09-26 00:00:00'),
(387, 'PAIPA', 1, '2014-09-26 00:00:00', '2014-09-26 00:00:00'),
(388, 'PALERMO', 1, '2014-09-26 00:00:00', '2014-09-26 00:00:00'),
(389, 'PALERMO', 1, '2014-09-26 00:00:00', '2014-09-26 00:00:00'),
(390, 'PALESTINA', 1, '2014-09-26 00:00:00', '2014-09-26 00:00:00'),
(391, 'PALMAR DE VARELA', 1, '2014-09-26 00:00:00', '2014-09-26 00:00:00'),
(392, 'PALMIRA', 1, '2014-09-26 00:00:00', '2014-09-26 00:00:00'),
(393, 'PALOCABILDO', 1, '2014-09-26 00:00:00', '2014-09-26 00:00:00'),
(394, 'PAMPLONA', 1, '2014-09-26 00:00:00', '2014-09-26 00:00:00'),
(395, 'PANDI', 1, '2014-09-26 00:00:00', '2014-09-26 00:00:00'),
(396, 'PASTO', 1, '2014-09-26 00:00:00', '2014-09-26 00:00:00'),
(397, 'PAZ DE ARIPORO', 1, '2014-09-26 00:00:00', '2014-09-26 00:00:00'),
(398, 'PAZ DEL RIO', 1, '2014-09-26 00:00:00', '2014-09-26 00:00:00'),
(399, 'pelaya', 1, '2014-09-26 00:00:00', '2014-09-26 00:00:00'),
(400, 'PENOL', 1, '2014-09-26 00:00:00', '2014-09-26 00:00:00'),
(401, 'PENSYLVANIA', 1, '2014-09-26 00:00:00', '2014-09-26 00:00:00'),
(402, 'PEREIRA', 1, '2014-09-26 00:00:00', '2014-09-26 00:00:00'),
(403, 'PIE DE CUESTA', 1, '2014-09-26 00:00:00', '2014-09-26 00:00:00'),
(404, 'PIEDECUESTA', 1, '2014-09-26 00:00:00', '2014-09-26 00:00:00'),
(405, 'PIEDRAS', 1, '2014-09-26 00:00:00', '2014-09-26 00:00:00'),
(406, 'PIENDAMO', 1, '2014-09-26 00:00:00', '2014-09-26 00:00:00'),
(407, 'PIJAO', 1, '2014-09-26 00:00:00', '2014-09-26 00:00:00'),
(408, 'PIO BOYACA', 1, '2014-09-26 00:00:00', '2014-09-26 00:00:00'),
(409, 'PITALITO', 1, '2014-09-26 00:00:00', '2014-09-26 00:00:00'),
(410, 'PIVIJAY', 1, '2014-09-26 00:00:00', '2014-09-26 00:00:00'),
(411, 'PLANETA R', 1, '2014-09-26 00:00:00', '2014-09-26 00:00:00'),
(412, 'PLANETA RICA', 1, '2014-09-26 00:00:00', '2014-09-26 00:00:00'),
(413, 'PLATO', 1, '2014-09-26 00:00:00', '2014-09-26 00:00:00'),
(414, 'POLO NUEVO', 1, '2014-09-26 00:00:00', '2014-09-26 00:00:00'),
(415, 'PONDERA', 1, '2014-09-26 00:00:00', '2014-09-26 00:00:00'),
(416, 'POPAYAN', 1, '2014-09-26 00:00:00', '2014-09-26 00:00:00'),
(417, 'PRADERA', 1, '2014-09-26 00:00:00', '2014-09-26 00:00:00'),
(418, 'PRADO', 1, '2014-09-26 00:00:00', '2014-09-26 00:00:00'),
(419, 'PROVIDENCIA', 1, '2014-09-26 00:00:00', '2014-09-26 00:00:00'),
(420, 'PROVIDENCIA', 1, '2014-09-26 00:00:00', '2014-09-26 00:00:00'),
(421, 'PUEBLO CORDOBA', 1, '2014-09-26 00:00:00', '2014-09-26 00:00:00'),
(422, 'PUEBLO RICO', 1, '2014-09-26 00:00:00', '2014-09-26 00:00:00'),
(423, 'PUEBLO RICO', 1, '2014-09-26 00:00:00', '2014-09-26 00:00:00'),
(424, 'PUEBLO TAPAO', 1, '2014-09-26 00:00:00', '2014-09-26 00:00:00'),
(425, 'PUERRES', 1, '2014-09-26 00:00:00', '2014-09-26 00:00:00'),
(426, 'PUERTO ASIS', 1, '2014-09-26 00:00:00', '2014-09-26 00:00:00'),
(427, 'PUERTO BERRIO', 1, '2014-09-26 00:00:00', '2014-09-26 00:00:00'),
(428, 'PUERTO BOYACA', 1, '2014-09-26 00:00:00', '2014-09-26 00:00:00'),
(429, 'PUERTO CALDAS', 1, '2014-09-26 00:00:00', '2014-09-26 00:00:00'),
(430, 'PUERTO CARRENO', 1, '2014-09-26 00:00:00', '2014-09-26 00:00:00'),
(431, 'PUERTO COLOMBIAATLANTICO', 1, '2014-09-26 00:00:00', '2014-09-26 00:00:00'),
(432, 'PUERTO CORDOBA', 1, '2014-09-26 00:00:00', '2014-09-26 00:00:00'),
(433, 'PUERTO LEGUIZAMO', 1, '2014-09-26 00:00:00', '2014-09-26 00:00:00'),
(434, 'PUERTO LOPEZ', 1, '2014-09-26 00:00:00', '2014-09-26 00:00:00'),
(435, 'PUERTO LORICA', 1, '2014-09-26 00:00:00', '2014-09-26 00:00:00'),
(436, 'PUERTO NARE', 1, '2014-09-26 00:00:00', '2014-09-26 00:00:00'),
(437, 'PUERTO RICO', 1, '2014-09-26 00:00:00', '2014-09-26 00:00:00'),
(438, 'PUERTO SALGAR', 1, '2014-09-26 00:00:00', '2014-09-26 00:00:00'),
(439, 'PUERTO SANTANDER', 1, '2014-09-26 00:00:00', '2014-09-26 00:00:00'),
(440, 'PUERTO TEJADA', 1, '2014-09-26 00:00:00', '2014-09-26 00:00:00'),
(441, 'PUERTO TRIUNFO', 1, '2014-09-26 00:00:00', '2014-09-26 00:00:00'),
(442, 'PUERTOGAITAN', 1, '2014-09-26 00:00:00', '2014-09-26 00:00:00'),
(443, 'PURIFICACION', 1, '2014-09-26 00:00:00', '2014-09-26 00:00:00'),
(444, 'PURISIMA', 1, '2014-09-26 00:00:00', '2014-09-26 00:00:00'),
(445, 'QUIBDO', 1, '2014-09-26 00:00:00', '2014-09-26 00:00:00'),
(446, 'QUIMBAYA', 1, '2014-09-26 00:00:00', '2014-09-26 00:00:00'),
(447, 'QUINCHIA', 1, '2014-09-26 00:00:00', '2014-09-26 00:00:00'),
(448, 'QUIRIQUEA BACHUE', 1, '2014-09-26 00:00:00', '2014-09-26 00:00:00'),
(449, 'RAMIRIQUI', 1, '2014-09-26 00:00:00', '2014-09-26 00:00:00'),
(450, 'REMEDIOS', 1, '2014-09-26 00:00:00', '2014-09-26 00:00:00'),
(451, 'RESTREPO', 1, '2014-09-26 00:00:00', '2014-09-26 00:00:00'),
(452, 'RESTREPOMETA', 1, '2014-09-26 00:00:00', '2014-09-26 00:00:00'),
(453, 'RETIRO', 1, '2014-09-26 00:00:00', '2014-09-26 00:00:00'),
(454, 'RICAURTE', 1, '2014-09-26 00:00:00', '2014-09-26 00:00:00'),
(455, 'RIO FRIO', 1, '2014-09-26 00:00:00', '2014-09-26 00:00:00'),
(456, 'RIO NEGRO', 1, '2014-09-26 00:00:00', '2014-09-26 00:00:00'),
(457, 'RIO SUCIO', 1, '2014-09-26 00:00:00', '2014-09-26 00:00:00'),
(458, 'RIOHACHA', 1, '2014-09-26 00:00:00', '2014-09-26 00:00:00'),
(459, 'RIONEGRO', 1, '2014-09-26 00:00:00', '2014-09-26 00:00:00'),
(460, 'RISARALDA', 1, '2014-09-26 00:00:00', '2014-09-26 00:00:00'),
(461, 'RIVERA', 1, '2014-09-26 00:00:00', '2014-09-26 00:00:00'),
(462, 'ROBLEDO PALENQUE', 1, '2014-09-26 00:00:00', '2014-09-26 00:00:00'),
(463, 'ROBLEDO PESEBREMEDELLIN', 1, '2014-09-26 00:00:00', '2014-09-26 00:00:00'),
(464, 'ROLDANILLO', 1, '2014-09-26 00:00:00', '2014-09-26 00:00:00'),
(465, 'ROZO', 1, '2014-09-26 00:00:00', '2014-09-26 00:00:00'),
(466, 'SABANA DE TORRES', 1, '2014-09-26 00:00:00', '2014-09-26 00:00:00'),
(467, 'SABANA GRANDE', 1, '2014-09-26 00:00:00', '2014-09-26 00:00:00'),
(468, 'SABANA LARGA', 1, '2014-09-26 00:00:00', '2014-09-26 00:00:00'),
(469, 'SABANETA', 1, '2014-09-26 00:00:00', '2014-09-26 00:00:00'),
(470, 'SABOYA', 1, '2014-09-26 00:00:00', '2014-09-26 00:00:00'),
(471, 'SACHICA', 1, '2014-09-26 00:00:00', '2014-09-26 00:00:00'),
(472, 'SAHAGUM CORDOBA', 1, '2014-09-26 00:00:00', '2014-09-26 00:00:00'),
(473, 'SAHAGUN', 1, '2014-09-26 00:00:00', '2014-09-26 00:00:00'),
(474, 'SALAMINAS', 1, '2014-09-26 00:00:00', '2014-09-26 00:00:00'),
(475, 'SALDANA', 1, '2014-09-26 00:00:00', '2014-09-26 00:00:00'),
(476, 'SALENTO', 1, '2014-09-26 00:00:00', '2014-09-26 00:00:00'),
(477, 'SALGAR', 1, '2014-09-26 00:00:00', '2014-09-26 00:00:00'),
(478, 'SALGAR-ANTIOQUIA', 1, '2014-09-26 00:00:00', '2014-09-26 00:00:00'),
(479, 'SAMACA', 1, '2014-09-26 00:00:00', '2014-09-26 00:00:00'),
(480, 'SAMANIEGO', 1, '2014-09-26 00:00:00', '2014-09-26 00:00:00'),
(481, 'SAMPUES', 1, '2014-09-26 00:00:00', '2014-09-26 00:00:00'),
(482, 'SAN AGUSTIN', 1, '2014-09-26 00:00:00', '2014-09-26 00:00:00'),
(483, 'SAN ALBERTO', 1, '2014-09-26 00:00:00', '2014-09-26 00:00:00'),
(484, 'SAN ANDRES DE SOTAVENTO', 1, '2014-09-26 00:00:00', '2014-09-26 00:00:00'),
(485, 'SAN ANDRES ISLAS', 1, '2014-09-26 00:00:00', '2014-09-26 00:00:00'),
(486, 'SAN ANDRES ISLAS', 1, '2014-09-26 00:00:00', '2014-09-26 00:00:00'),
(487, 'SAN ANTONIO DE LOS CABALLEROS', 1, '2014-09-26 00:00:00', '2014-09-26 00:00:00'),
(488, 'SAN ANTONIO DE PEREIRA', 1, '2014-09-26 00:00:00', '2014-09-26 00:00:00'),
(489, 'SAN ANTONIO DEL PRADO', 1, '2014-09-26 00:00:00', '2014-09-26 00:00:00'),
(490, 'SAN ANTONIO DEL TEQUENDAMA', 1, '2014-09-26 00:00:00', '2014-09-26 00:00:00'),
(491, 'SAN BERNARDO DEL VIENTO', 1, '2014-09-26 00:00:00', '2014-09-26 00:00:00'),
(492, 'SAN CRISTOBAL', 1, '2014-09-26 00:00:00', '2014-09-26 00:00:00'),
(493, 'SAN GIL', 1, '2014-09-26 00:00:00', '2014-09-26 00:00:00'),
(494, 'SAN JERONIMO', 1, '2014-09-26 00:00:00', '2014-09-26 00:00:00'),
(495, 'SAN JOSE DEL GUAVIARE', 1, '2014-09-26 00:00:00', '2014-09-26 00:00:00'),
(496, 'SAN JUAN DE BOLIVAR', 1, '2014-09-26 00:00:00', '2014-09-26 00:00:00'),
(497, 'SAN JUAN DE PASTO', 1, '2014-09-26 00:00:00', '2014-09-26 00:00:00'),
(498, 'SAN JUAN DE RIOSECO', 1, '2014-09-26 00:00:00', '2014-09-26 00:00:00'),
(499, 'SAN JUAN DE URABA', 1, '2014-09-26 00:00:00', '2014-09-26 00:00:00'),
(500, 'SAN JUAN DEL CESAR', 1, '2014-09-26 00:00:00', '2014-09-26 00:00:00'),
(501, 'SAN JUAN NEPOMUCENO', 1, '2014-09-26 00:00:00', '2014-09-26 00:00:00'),
(502, 'SAN JUAN RIO SECO', 1, '2014-09-26 00:00:00', '2014-09-26 00:00:00'),
(503, 'SAN MARCOS', 1, '2014-09-26 00:00:00', '2014-09-26 00:00:00'),
(504, 'SAN MARTIN META', 1, '2014-09-26 00:00:00', '2014-09-26 00:00:00'),
(505, 'SAN ONOFRE', 1, '2014-09-26 00:00:00', '2014-09-26 00:00:00'),
(506, 'SAN PEDRO', 1, '2014-09-26 00:00:00', '2014-09-26 00:00:00'),
(507, 'SAN PEDRO', 1, '2014-09-26 00:00:00', '2014-09-26 00:00:00'),
(508, 'SAN PEDRO DE LOS MILAGROS', 1, '2014-09-26 00:00:00', '2014-09-26 00:00:00'),
(509, 'SAN PELAYO', 1, '2014-09-26 00:00:00', '2014-09-26 00:00:00'),
(510, 'SAN PUES', 1, '2014-09-26 00:00:00', '2014-09-26 00:00:00'),
(511, 'SAN RAFAEL', 1, '2014-09-26 00:00:00', '2014-09-26 00:00:00'),
(512, 'SAN SEBASTIAN DEL POBLADO', 1, '2014-09-26 00:00:00', '2014-09-26 00:00:00'),
(513, 'SAN SEBASTIAN DEL POBLADO', 1, '2014-09-26 00:00:00', '2014-09-26 00:00:00'),
(514, 'SAN VICENTE', 1, '2014-09-26 00:00:00', '2014-09-26 00:00:00'),
(515, 'SAN VICENTE BAJO', 1, '2014-09-26 00:00:00', '2014-09-26 00:00:00'),
(516, 'SAN VICENTE DE CHUCURI', 1, '2014-09-26 00:00:00', '2014-09-26 00:00:00'),
(517, 'SAN VICENTE DEL CAGUAN', 1, '2014-09-26 00:00:00', '2014-09-26 00:00:00'),
(518, 'SANDONA', 1, '2014-09-26 00:00:00', '2014-09-26 00:00:00'),
(519, 'SANDONA / NARIÑO', 1, '2014-09-26 00:00:00', '2014-09-26 00:00:00'),
(520, 'SANTA ANA', 1, '2014-09-26 00:00:00', '2014-09-26 00:00:00'),
(521, 'SANTA BARBARA', 1, '2014-09-26 00:00:00', '2014-09-26 00:00:00'),
(522, 'SANTA LUCIA', 1, '2014-09-26 00:00:00', '2014-09-26 00:00:00'),
(523, 'SANTA MARIA', 1, '2014-09-26 00:00:00', '2014-09-26 00:00:00'),
(524, 'SANTA MARTHA', 1, '2014-09-26 00:00:00', '2014-09-26 00:00:00'),
(525, 'SANTA ROSA', 1, '2014-09-26 00:00:00', '2014-09-26 00:00:00'),
(526, 'SANTA ROSA', 1, '2014-09-26 00:00:00', '2014-09-26 00:00:00'),
(527, 'SANTA ROSA DE CABAL', 1, '2014-09-26 00:00:00', '2014-09-26 00:00:00'),
(528, 'SANTA ROSA DE OSOS', 1, '2014-09-26 00:00:00', '2014-09-26 00:00:00'),
(529, 'SANTA ROSA DE VITERBO', 1, '2014-09-26 00:00:00', '2014-09-26 00:00:00'),
(530, 'SANTAFE DE ANTIOQUIA', 1, '2014-09-26 00:00:00', '2014-09-26 00:00:00'),
(531, 'SANTANA', 1, '2014-09-26 00:00:00', '2014-09-26 00:00:00'),
(532, 'SANTANDER', 1, '2014-09-26 00:00:00', '2014-09-26 00:00:00'),
(533, 'SANTANDER DE QUILICHAO', 1, '2014-09-26 00:00:00', '2014-09-26 00:00:00'),
(534, 'SANTANDER QUILICHAO', 1, '2014-09-26 00:00:00', '2014-09-26 00:00:00'),
(535, 'SANTANDERSITO', 1, '2014-09-26 00:00:00', '2014-09-26 00:00:00'),
(536, 'SANTO DOMINGOANTIOQUIA', 1, '2014-09-26 00:00:00', '2014-09-26 00:00:00'),
(537, 'SANTO DOMINGOATLANTICO', 1, '2014-09-26 00:00:00', '2014-09-26 00:00:00'),
(538, 'SANTO TOMASATLANTICO', 1, '2014-09-26 00:00:00', '2014-09-26 00:00:00'),
(539, 'SANTUARIO', 1, '2014-09-26 00:00:00', '2014-09-26 00:00:00'),
(540, 'SARABENA', 1, '2014-09-26 00:00:00', '2014-09-26 00:00:00'),
(541, 'SASAIMA', 1, '2014-09-26 00:00:00', '2014-09-26 00:00:00'),
(542, 'SEGOVIA', 1, '2014-09-26 00:00:00', '2014-09-26 00:00:00'),
(543, 'SESQUILE', 1, '2014-09-26 00:00:00', '2014-09-26 00:00:00'),
(544, 'SEVILLA', 1, '2014-09-26 00:00:00', '2014-09-26 00:00:00'),
(545, 'SIBATE', 1, '2014-09-26 00:00:00', '2014-09-26 00:00:00'),
(546, 'SILVANIA', 1, '2014-09-26 00:00:00', '2014-09-26 00:00:00'),
(547, 'SILVIA', 1, '2014-09-26 00:00:00', '2014-09-26 00:00:00'),
(548, 'SIMACOTA', 1, '2014-09-26 00:00:00', '2014-09-26 00:00:00'),
(549, 'SINCE', 1, '2014-09-26 00:00:00', '2014-09-26 00:00:00'),
(550, 'SINCELEJO', 1, '2014-09-26 00:00:00', '2014-09-26 00:00:00'),
(551, 'SINCELEJOCORDOBACOL', 1, '2014-09-26 00:00:00', '2014-09-26 00:00:00'),
(552, 'SINCELEJOSUCRECOL', 1, '2014-09-26 00:00:00', '2014-09-26 00:00:00'),
(553, 'SM', 1, '2014-09-26 00:00:00', '2014-09-26 00:00:00'),
(554, 'SOACHA', 1, '2014-09-26 00:00:00', '2014-09-26 00:00:00'),
(555, 'SOATA', 1, '2014-09-26 00:00:00', '2014-09-26 00:00:00'),
(556, 'SOCORA', 1, '2014-09-26 00:00:00', '2014-09-26 00:00:00'),
(557, 'SOCORRO', 1, '2014-09-26 00:00:00', '2014-09-26 00:00:00'),
(558, 'SOGAMOSO', 1, '2014-09-26 00:00:00', '2014-09-26 00:00:00'),
(559, 'SOLEDAD', 1, '2014-09-26 00:00:00', '2014-09-26 00:00:00'),
(560, 'SOPO', 1, '2014-09-26 00:00:00', '2014-09-26 00:00:00'),
(561, 'SOSON', 1, '2014-09-26 00:00:00', '2014-09-26 00:00:00'),
(562, 'SOUTH SANDY', 1, '2014-09-26 00:00:00', '2014-09-26 00:00:00'),
(563, 'STA ANA MAGDALENA', 1, '2014-09-26 00:00:00', '2014-09-26 00:00:00'),
(564, 'SUAITA', 1, '2014-09-26 00:00:00', '2014-09-26 00:00:00'),
(565, 'SUAN', 1, '2014-09-26 00:00:00', '2014-09-26 00:00:00'),
(566, 'SUAZA', 1, '2014-09-26 00:00:00', '2014-09-26 00:00:00'),
(567, 'SUBA', 1, '2014-09-26 00:00:00', '2014-09-26 00:00:00'),
(568, 'SUBACHOQUE', 1, '2014-09-26 00:00:00', '2014-09-26 00:00:00'),
(569, 'SUESCA', 1, '2014-09-26 00:00:00', '2014-09-26 00:00:00'),
(570, 'SUPIA', 1, '2014-09-26 00:00:00', '2014-09-26 00:00:00'),
(571, 'TABIO', 1, '2014-09-26 00:00:00', '2014-09-26 00:00:00'),
(572, 'TADO', 1, '2014-09-26 00:00:00', '2014-09-26 00:00:00'),
(573, 'TAME', 1, '2014-09-26 00:00:00', '2014-09-26 00:00:00'),
(574, 'TAMESIS', 1, '2014-09-26 00:00:00', '2014-09-26 00:00:00'),
(575, 'TARAZA', 1, '2014-09-26 00:00:00', '2014-09-26 00:00:00'),
(576, 'TARQUI', 1, '2014-09-26 00:00:00', '2014-09-26 00:00:00'),
(577, 'TARZO', 1, '2014-09-26 00:00:00', '2014-09-26 00:00:00'),
(578, 'TAURAMENA', 1, '2014-09-26 00:00:00', '2014-09-26 00:00:00'),
(579, 'TAZAJERA', 1, '2014-09-26 00:00:00', '2014-09-26 00:00:00'),
(580, 'TEBAIDA', 1, '2014-09-26 00:00:00', '2014-09-26 00:00:00'),
(581, 'TELLO', 1, '2014-09-26 00:00:00', '2014-09-26 00:00:00'),
(582, 'TENA', 1, '2014-09-26 00:00:00', '2014-09-26 00:00:00'),
(583, 'TENJO', 1, '2014-09-26 00:00:00', '2014-09-26 00:00:00'),
(584, 'TEXALIA', 1, '2014-09-26 00:00:00', '2014-09-26 00:00:00'),
(585, 'TIBANA', 1, '2014-09-26 00:00:00', '2014-09-26 00:00:00'),
(586, 'TIBASOSA', 1, '2014-09-26 00:00:00', '2014-09-26 00:00:00'),
(587, 'TIERRALTA', 1, '2014-09-26 00:00:00', '2014-09-26 00:00:00'),
(588, 'TIMANA', 1, '2014-09-26 00:00:00', '2014-09-26 00:00:00'),
(589, 'TIMBIO', 1, '2014-09-26 00:00:00', '2014-09-26 00:00:00'),
(590, 'TITIRIBI', 1, '2014-09-26 00:00:00', '2014-09-26 00:00:00'),
(591, 'TOCAIMA', 1, '2014-09-26 00:00:00', '2014-09-26 00:00:00'),
(592, 'TOCANCIPA', 1, '2014-09-26 00:00:00', '2014-09-26 00:00:00'),
(593, 'TOLEMAIDA', 1, '2014-09-26 00:00:00', '2014-09-26 00:00:00'),
(594, 'TOLU', 1, '2014-09-26 00:00:00', '2014-09-26 00:00:00'),
(595, 'TORO', 1, '2014-09-26 00:00:00', '2014-09-26 00:00:00'),
(596, 'TRUJILLO', 1, '2014-09-26 00:00:00', '2014-09-26 00:00:00'),
(597, 'TULUA', 1, '2014-09-26 00:00:00', '2014-09-26 00:00:00'),
(598, 'TUMACO', 1, '2014-09-26 00:00:00', '2014-09-26 00:00:00'),
(599, 'TUMACO', 1, '2014-09-26 00:00:00', '2014-09-26 00:00:00'),
(600, 'TUNJA BOYACA', 1, '2014-09-26 00:00:00', '2014-09-26 00:00:00'),
(601, 'TUQUERRES', 1, '2014-09-26 00:00:00', '2014-09-26 00:00:00'),
(602, 'TURBACO', 1, '2014-09-26 00:00:00', '2014-09-26 00:00:00'),
(603, 'TURBO', 1, '2014-09-26 00:00:00', '2014-09-26 00:00:00'),
(604, 'TURMEQUE', 1, '2014-09-26 00:00:00', '2014-09-26 00:00:00'),
(605, 'TURMEQUE', 1, '2014-09-26 00:00:00', '2014-09-26 00:00:00'),
(606, 'UBATE', 1, '2014-09-26 00:00:00', '2014-09-26 00:00:00'),
(607, 'ULLOA', 1, '2014-09-26 00:00:00', '2014-09-26 00:00:00'),
(608, 'UNION', 1, '2014-09-26 00:00:00', '2014-09-26 00:00:00'),
(609, 'URO', 1, '2014-09-26 00:00:00', '2014-09-26 00:00:00'),
(610, 'URRAO', 1, '2014-09-26 00:00:00', '2014-09-26 00:00:00'),
(611, 'URRAOANTIOQUIA', 1, '2014-09-26 00:00:00', '2014-09-26 00:00:00'),
(612, 'URUMITA', 1, '2014-09-26 00:00:00', '2014-09-26 00:00:00'),
(613, 'URUMITO', 1, '2014-09-26 00:00:00', '2014-09-26 00:00:00'),
(614, 'USAQUEN', 1, '2014-09-26 00:00:00', '2014-09-26 00:00:00'),
(615, 'VALLEDUPA', 1, '2014-09-26 00:00:00', '2014-09-26 00:00:00'),
(616, 'VALLEDUPAR', 1, '2014-09-26 00:00:00', '2014-09-26 00:00:00'),
(617, 'VALPARAISO', 1, '2014-09-26 00:00:00', '2014-09-26 00:00:00'),
(618, 'VEDANILLO', 1, '2014-09-26 00:00:00', '2014-09-26 00:00:00'),
(619, 'VELEZ', 1, '2014-09-26 00:00:00', '2014-09-26 00:00:00'),
(620, 'VENADILLO', 1, '2014-09-26 00:00:00', '2014-09-26 00:00:00'),
(621, 'VENECIA', 1, '2014-09-26 00:00:00', '2014-09-26 00:00:00'),
(622, 'VENECIA', 1, '2014-09-26 00:00:00', '2014-09-26 00:00:00'),
(623, 'VERSALLES', 1, '2014-09-26 00:00:00', '2014-09-26 00:00:00'),
(624, 'VERSALLES', 1, '2014-09-26 00:00:00', '2014-09-26 00:00:00'),
(625, 'VICTORIA', 1, '2014-09-26 00:00:00', '2014-09-26 00:00:00'),
(626, 'VIGES', 1, '2014-09-26 00:00:00', '2014-09-26 00:00:00'),
(627, 'VILLA DE LEYVA', 1, '2014-09-26 00:00:00', '2014-09-26 00:00:00'),
(628, 'VILLA GORGONA', 1, '2014-09-26 00:00:00', '2014-09-26 00:00:00'),
(629, 'VILLAMARIA', 1, '2014-09-26 00:00:00', '2014-09-26 00:00:00'),
(630, 'VILLANUEVA', 1, '2014-09-26 00:00:00', '2014-09-26 00:00:00'),
(631, 'VILLANUEVA', 1, '2014-09-26 00:00:00', '2014-09-26 00:00:00'),
(632, 'VILLAPINZ', 1, '2014-09-26 00:00:00', '2014-09-26 00:00:00'),
(633, 'VILLARICA', 1, '2014-09-26 00:00:00', '2014-09-26 00:00:00'),
(634, 'VILLARRICA', 1, '2014-09-26 00:00:00', '2014-09-26 00:00:00'),
(635, 'VILLAS DEL ROSARIO', 1, '2014-09-26 00:00:00', '2014-09-26 00:00:00'),
(636, 'VILLAVICENCIO', 1, '2014-09-26 00:00:00', '2014-09-26 00:00:00'),
(637, 'VILLAVIEJA', 1, '2014-09-26 00:00:00', '2014-09-26 00:00:00'),
(638, 'VILLETA', 1, '2014-09-26 00:00:00', '2014-09-26 00:00:00'),
(639, 'VIOTA', 1, '2014-09-26 00:00:00', '2014-09-26 00:00:00'),
(640, 'VITERBO', 1, '2014-09-26 00:00:00', '2014-09-26 00:00:00'),
(641, 'WASHINGTON', 1, '2014-09-26 00:00:00', '2014-09-26 00:00:00'),
(642, 'YALI', 1, '2014-09-26 00:00:00', '2014-09-26 00:00:00'),
(643, 'YARUMAL', 1, '2014-09-26 00:00:00', '2014-09-26 00:00:00'),
(644, 'YOLOMBO', 1, '2014-09-26 00:00:00', '2014-09-26 00:00:00'),
(645, 'YOPAL CASANARE', 1, '2014-09-26 00:00:00', '2014-09-26 00:00:00'),
(646, 'YOTOCO', 1, '2014-09-26 00:00:00', '2014-09-26 00:00:00'),
(647, 'YUMAL', 1, '2014-09-26 00:00:00', '2014-09-26 00:00:00'),
(648, 'YUMBO', 1, '2014-09-26 00:00:00', '2014-09-26 00:00:00'),
(649, 'ZAPATOLA', 1, '2014-09-26 00:00:00', '2014-09-26 00:00:00'),
(650, 'ZARAGOSA', 1, '2014-09-26 00:00:00', '2014-09-26 00:00:00'),
(651, 'ZARZAL', 1, '2014-09-26 00:00:00', '2014-09-26 00:00:00'),
(652, 'ZIPAQUIRA', 1, '2014-09-26 00:00:00', '2014-09-26 00:00:00'),
(653, 'ZUESCA', 1, '2014-09-26 00:00:00', '2014-09-26 00:00:00');

-- --------------------------------------------------------

--
-- Table structure for table `bs_cmspages`
--

CREATE TABLE IF NOT EXISTS `bs_cmspages` (
  `id` int(10) unsigned NOT NULL AUTO_INCREMENT,
  `parent_id` int(10) DEFAULT NULL,
  `lft` int(10) DEFAULT NULL,
  `rght` int(10) DEFAULT NULL,
  `title` varchar(255) COLLATE latin1_spanish_ci DEFAULT NULL,
  `body` text COLLATE latin1_spanish_ci NOT NULL,
  `meta_title` varchar(255) COLLATE latin1_spanish_ci NOT NULL,
  `meta_keyword` text COLLATE latin1_spanish_ci NOT NULL,
  `meta_desc` text COLLATE latin1_spanish_ci NOT NULL,
  `slug` varchar(255) COLLATE latin1_spanish_ci NOT NULL,
  `status` int(1) NOT NULL DEFAULT '1',
  `created` datetime NOT NULL,
  `modified` datetime NOT NULL,
  PRIMARY KEY (`id`)
) ENGINE=InnoDB  DEFAULT CHARSET=latin1 COLLATE=latin1_spanish_ci AUTO_INCREMENT=8 ;

--
-- Dumping data for table `bs_cmspages`
--

INSERT INTO `bs_cmspages` (`id`, `parent_id`, `lft`, `rght`, `title`, `body`, `meta_title`, `meta_keyword`, `meta_desc`, `slug`, `status`, `created`, `modified`) VALUES
(1, NULL, 1, 2, 'Inicio', '<h1>We are an internet company specializing in shipping</h1>\r\n\r\n<p>Lorem ipsum dolor sit amet, consectetur adipiscing elit. Sed pharetra neque ipsum, eu luctus sapien scelerisque in. Proin id scelerisque turpis. Lorem ipsum dolor sit amet, consectetur adipiscing elit. Quisque odio mi, pellentesque id vehicula id, fermentum in leo. Nam a tellus nunc. Sed rhoncus cursus purus at sollicitudin. Vivamus ut elit ac nunc dignissim condimentum adipiscing vitae lorem.</p>\r\n\r\n<h1>We specialize in receiving multiple packages</h1>\r\n\r\n<p>Lorem ipsum dolor sit amet, consectetur adipiscing elit. Sed pharetra neque ipsum, eu luctus sapien scelerisque in. Proin id scelerisque turpis. Lorem ipsum dolor sit amet, consectetur adipiscing elit. Quisque odio mi, pellentesque id vehicula id, fermentum in leo. Nam a tellus nunc. Sed rhoncus cursus purus at sollicitudin. Vivamus ut elit ac nunc dignissim condimentum adipiscing vitae lorem.Cras fringilla sollicitudin sem eu pulvinar. Vestibulum eu viverra purus. Morbi sed leo felis. Aliquam erat volutpat.</p>\r\n', 'Inicio', 'Inicio', 'Inicio', 'inicio', 1, '2014-09-26 11:13:31', '2014-10-14 07:54:26'),
(2, NULL, 3, 4, '¿Quiénes somos?', '<div style="float:right;margin-left:6px;margin-bottom:6px;"><a href="http://www.cafepress.com/lipsum/" target="_blank"><img alt="Lipsum" src="http://www.lipsum.com/images/lipsum04.gif" style="height:100px; width:100px" /></a><br />\r\n<a href="http://www.cafepress.com/lipsum/" target="_blank"><img alt="Lipsum" src="http://www.lipsum.com/images/lipsum05.gif" style="height:100px; width:100px" /></a><br />\r\n<a href="http://www.cafepress.com/lipsum/" target="_blank"><img alt="Lipsum" src="http://www.lipsum.com/images/lipsum08.gif" style="height:100px; width:100px" /></a><br />\r\n<a href="http://www.cafepress.com/lipsum/" target="_blank"><img alt="Lipsum" src="http://www.lipsum.com/images/lipsum07.gif" style="height:100px; width:100px" /></a></div>\r\n\r\n<p>Lorem ipsum dolor sit amet, consectetur adipiscing elit. Aliquam vitae bibendum sem, eu lacinia risus. Donec feugiat non arcu a imperdiet. Mauris cursus nunc vitae tortor rhoncus euismod. Nam in felis nec turpis cursus luctus nec eu tellus. Vestibulum ante ipsum primis in faucibus orci luctus et ultrices posuere cubilia Curae; Phasellus lobortis pulvinar lectus, et placerat sapien fringilla quis. Nunc dolor neque, dictum sit amet molestie congue, euismod non dui.</p>\r\n\r\n<p>Ut viverra metus eget dolor tincidunt, sit amet pulvinar dui efficitur. Cras ut mauris sapien. Etiam feugiat ante vitae nibh dictum, sit amet efficitur tellus tempus. Pellentesque sit amet egestas orci. Vivamus id metus blandit, facilisis est sed, pharetra turpis. Nam a iaculis nisl. Mauris pretium rhoncus dignissim. Proin mattis tincidunt fringilla.</p>\r\n\r\n<p>Sed ex quam, rhoncus a tempor et, hendrerit a massa. Praesent lobortis dolor ac dolor iaculis vehicula. Donec suscipit euismod felis eget finibus. Praesent dictum lorem nibh, ut finibus ante ornare sed. Phasellus sapien neque, ultrices eget magna facilisis, hendrerit ornare justo. Curabitur ultricies porttitor orci in blandit. In venenatis, nulla sit amet eleifend laoreet, felis odio mattis augue, eget tempor leo odio at justo. Aliquam pulvinar orci nec maximus sodales. Pellentesque efficitur ante nisl, ut consequat dui lacinia nec. Nullam suscipit velit ac magna eleifend scelerisque. Vestibulum tempor, nulla a interdum egestas, sapien nulla cursus elit, sed tincidunt mi arcu eu urna. Pellentesque vitae justo neque. Quisque ultrices ac tortor ut sagittis. Maecenas cursus, justo non tincidunt feugiat, velit libero elementum mauris, nec ornare justo arcu in eros. Donec ipsum lorem, faucibus sit amet dui et, vestibulum bibendum augue.</p>\r\n\r\n<p>Duis non quam nec libero fringilla tincidunt. Ut efficitur, dolor non pretium bibendum, odio ex convallis eros, quis dignissim ipsum nulla in nibh. Mauris id dictum sapien, vel hendrerit ex. Suspendisse lacinia aliquam lorem imperdiet vestibulum. Sed auctor elit ut arcu pretium, in volutpat ex vulputate. Donec id enim a est rutrum tempus. Curabitur nisl turpis, sagittis consectetur lorem vitae, mollis commodo ipsum. Lorem ipsum dolor sit amet, consectetur adipiscing elit.</p>\r\n\r\n<p>Quisque hendrerit dui eget massa ultricies vehicula. Praesent imperdiet ligula vel mi congue hendrerit. Ut sit amet tempor risus. Sed vel tellus elit. Aliquam ante dui, vehicula nec accumsan vel, ornare et dolor. Etiam congue neque leo. Aliquam risus nibh, porttitor nec tellus sit amet, feugiat laoreet justo. In velit tellus, pulvinar eget consequat id, tempor vel dui. Praesent tempor non mauris id tincidunt. Morbi mollis quam mi, at lobortis lorem auctor non. Donec convallis magna sed nibh mollis consectetur. Nam ultrices dui vel sem malesuada pulvinar. Phasellus luctus mollis ipsum eu blandit. Fusce ac libero auctor, volutpat erat eu,</p>\r\n', '¿Quiénes somos?', '¿Quiénes somos?', '¿Quiénes somos?', 'quienes-somos', 1, '2014-09-26 11:17:22', '2014-10-20 09:08:19'),
(3, NULL, 5, 6, '¿Preguntas más Frecuentes?', '<div style="float:right;margin-left:6px;margin-bottom:6px;"><a href="http://www.cafepress.com/lipsum/" target="_blank"><img alt="Lipsum" src="http://www.lipsum.com/images/lipsum04.gif" style="height:100px; width:100px" /></a><br />\r\n<a href="http://www.cafepress.com/lipsum/" target="_blank"><img alt="Lipsum" src="http://www.lipsum.com/images/lipsum05.gif" style="height:100px; width:100px" /></a><br />\r\n<a href="http://www.cafepress.com/lipsum/" target="_blank"><img alt="Lipsum" src="http://www.lipsum.com/images/lipsum08.gif" style="height:100px; width:100px" /></a><br />\r\n<a href="http://www.cafepress.com/lipsum/" target="_blank"><img alt="Lipsum" src="http://www.lipsum.com/images/lipsum07.gif" style="height:100px; width:100px" /></a></div>\r\n\r\n<p>Lorem ipsum dolor sit amet, consectetur adipiscing elit. Aliquam vitae bibendum sem, eu lacinia risus. Donec feugiat non arcu a imperdiet. Mauris cursus nunc vitae tortor rhoncus euismod. Nam in felis nec turpis cursus luctus nec eu tellus. Vestibulum ante ipsum primis in faucibus orci luctus et ultrices posuere cubilia Curae; Phasellus lobortis pulvinar lectus, et placerat sapien fringilla quis. Nunc dolor neque, dictum sit amet molestie congue, euismod non dui.</p>\r\n\r\n<p>Ut viverra metus eget dolor tincidunt, sit amet pulvinar dui efficitur. Cras ut mauris sapien. Etiam feugiat ante vitae nibh dictum, sit amet efficitur tellus tempus. Pellentesque sit amet egestas orci. Vivamus id metus blandit, facilisis est sed, pharetra turpis. Nam a iaculis nisl. Mauris pretium rhoncus dignissim. Proin mattis tincidunt fringilla.</p>\r\n\r\n<p>Sed ex quam, rhoncus a tempor et, hendrerit a massa. Praesent lobortis dolor ac dolor iaculis vehicula. Donec suscipit euismod felis eget finibus. Praesent dictum lorem nibh, ut finibus ante ornare sed. Phasellus sapien neque, ultrices eget magna facilisis, hendrerit ornare justo. Curabitur ultricies porttitor orci in blandit. In venenatis, nulla sit amet eleifend laoreet, felis odio mattis augue, eget tempor leo odio at justo. Aliquam pulvinar orci nec maximus sodales. Pellentesque efficitur ante nisl, ut consequat dui lacinia nec. Nullam suscipit velit ac magna eleifend scelerisque. Vestibulum tempor, nulla a interdum egestas, sapien nulla cursus elit, sed tincidunt mi arcu eu urna. Pellentesque vitae justo neque. Quisque ultrices ac tortor ut sagittis. Maecenas cursus, justo non tincidunt feugiat, velit libero elementum mauris, nec ornare justo arcu in eros. Donec ipsum lorem, faucibus sit amet dui et, vestibulum bibendum augue.</p>\r\n\r\n<p>Duis non quam nec libero fringilla tincidunt. Ut efficitur, dolor non pretium bibendum, odio ex convallis eros, quis dignissim ipsum nulla in nibh. Mauris id dictum sapien, vel hendrerit ex. Suspendisse lacinia aliquam lorem imperdiet vestibulum. Sed auctor elit ut arcu pretium, in volutpat ex vulputate. Donec id enim a est rutrum tempus. Curabitur nisl turpis, sagittis consectetur lorem vitae, mollis commodo ipsum. Lorem ipsum dolor sit amet, consectetur adipiscing elit.</p>\r\n\r\n<p>Quisque hendrerit dui eget massa ultricies vehicula. Praesent imperdiet ligula vel mi congue hendrerit. Ut sit amet tempor risus. Sed vel tellus elit. Aliquam ante dui, vehicula nec accumsan vel, ornare et dolor. Etiam congue neque leo. Aliquam risus nibh, porttitor nec tellus sit amet, feugiat laoreet justo. In velit tellus, pulvinar eget consequat id, tempor vel dui. Praesent tempor non mauris id tincidunt. Morbi mollis quam mi, at lobortis lorem auctor non. Donec convallis magna sed nibh mollis consectetur. Nam ultrices dui vel sem malesuada pulvinar. Phasellus luctus mollis ipsum eu blandit. Fusce ac libero auctor, volutpat erat eu,</p>\r\n', '¿Preguntas más Frecuentes?', '¿Preguntas más Frecuentes?', '¿Preguntas más Frecuentes?', 'preguntas-mas-frecuentes', 1, '2014-09-26 11:18:24', '2014-09-26 11:18:24'),
(4, NULL, 7, 8, 'Cómo comprar', '<div style="float:right;margin-left:6px;margin-bottom:6px;"><a href="http://www.cafepress.com/lipsum/" target="_blank"><img alt="Lipsum" src="http://www.lipsum.com/images/lipsum04.gif" style="height:100px; width:100px" /></a><br />\r\n<a href="http://www.cafepress.com/lipsum/" target="_blank"><img alt="Lipsum" src="http://www.lipsum.com/images/lipsum05.gif" style="height:100px; width:100px" /></a><br />\r\n<a href="http://www.cafepress.com/lipsum/" target="_blank"><img alt="Lipsum" src="http://www.lipsum.com/images/lipsum08.gif" style="height:100px; width:100px" /></a><br />\r\n<a href="http://www.cafepress.com/lipsum/" target="_blank"><img alt="Lipsum" src="http://www.lipsum.com/images/lipsum07.gif" style="height:100px; width:100px" /></a></div>\r\n\r\n<p>Lorem ipsum dolor sit amet, consectetur adipiscing elit. Aliquam vitae bibendum sem, eu lacinia risus. Donec feugiat non arcu a imperdiet. Mauris cursus nunc vitae tortor rhoncus euismod. Nam in felis nec turpis cursus luctus nec eu tellus. Vestibulum ante ipsum primis in faucibus orci luctus et ultrices posuere cubilia Curae; Phasellus lobortis pulvinar lectus, et placerat sapien fringilla quis. Nunc dolor neque, dictum sit amet molestie congue, euismod non dui.</p>\r\n\r\n<p>Ut viverra metus eget dolor tincidunt, sit amet pulvinar dui efficitur. Cras ut mauris sapien. Etiam feugiat ante vitae nibh dictum, sit amet efficitur tellus tempus. Pellentesque sit amet egestas orci. Vivamus id metus blandit, facilisis est sed, pharetra turpis. Nam a iaculis nisl. Mauris pretium rhoncus dignissim. Proin mattis tincidunt fringilla.</p>\r\n\r\n<p>Sed ex quam, rhoncus a tempor et, hendrerit a massa. Praesent lobortis dolor ac dolor iaculis vehicula. Donec suscipit euismod felis eget finibus. Praesent dictum lorem nibh, ut finibus ante ornare sed. Phasellus sapien neque, ultrices eget magna facilisis, hendrerit ornare justo. Curabitur ultricies porttitor orci in blandit. In venenatis, nulla sit amet eleifend laoreet, felis odio mattis augue, eget tempor leo odio at justo. Aliquam pulvinar orci nec maximus sodales. Pellentesque efficitur ante nisl, ut consequat dui lacinia nec. Nullam suscipit velit ac magna eleifend scelerisque. Vestibulum tempor, nulla a interdum egestas, sapien nulla cursus elit, sed tincidunt mi arcu eu urna. Pellentesque vitae justo neque. Quisque ultrices ac tortor ut sagittis. Maecenas cursus, justo non tincidunt feugiat, velit libero elementum mauris, nec ornare justo arcu in eros. Donec ipsum lorem, faucibus sit amet dui et, vestibulum bibendum augue.</p>\r\n\r\n<p>Duis non quam nec libero fringilla tincidunt. Ut efficitur, dolor non pretium bibendum, odio ex convallis eros, quis dignissim ipsum nulla in nibh. Mauris id dictum sapien, vel hendrerit ex. Suspendisse lacinia aliquam lorem imperdiet vestibulum. Sed auctor elit ut arcu pretium, in volutpat ex vulputate. Donec id enim a est rutrum tempus. Curabitur nisl turpis, sagittis consectetur lorem vitae, mollis commodo ipsum. Lorem ipsum dolor sit amet, consectetur adipiscing elit.</p>\r\n\r\n<p>Quisque hendrerit dui eget massa ultricies vehicula. Praesent imperdiet ligula vel mi congue hendrerit. Ut sit amet tempor risus. Sed vel tellus elit. Aliquam ante dui, vehicula nec accumsan vel, ornare et dolor. Etiam congue neque leo. Aliquam risus nibh, porttitor nec tellus sit amet, feugiat laoreet justo. In velit tellus, pulvinar eget consequat id, tempor vel dui. Praesent tempor non mauris id tincidunt. Morbi mollis quam mi, at lobortis lorem auctor non. Donec convallis magna sed nibh mollis consectetur. Nam ultrices dui vel sem malesuada pulvinar. Phasellus luctus mollis ipsum eu blandit. Fusce ac libero auctor, volutpat erat eu,</p>\r\n', 'Cómo comprar', 'Cómo comprar', 'Cómo comprar', 'como-comprar', 1, '2014-09-26 11:18:56', '2014-09-26 11:18:56'),
(5, NULL, 9, 10, '¿Cómo funciona?', '<div style="float:right;margin-left:6px;margin-bottom:6px;"><a href="http://www.cafepress.com/lipsum/" target="_blank"><img alt="Lipsum" src="http://www.lipsum.com/images/lipsum04.gif" style="height:100px; width:100px" /></a><br />\r\n<a href="http://www.cafepress.com/lipsum/" target="_blank"><img alt="Lipsum" src="http://www.lipsum.com/images/lipsum05.gif" style="height:100px; width:100px" /></a><br />\r\n<a href="http://www.cafepress.com/lipsum/" target="_blank"><img alt="Lipsum" src="http://www.lipsum.com/images/lipsum08.gif" style="height:100px; width:100px" /></a><br />\r\n<a href="http://www.cafepress.com/lipsum/" target="_blank"><img alt="Lipsum" src="http://www.lipsum.com/images/lipsum07.gif" style="height:100px; width:100px" /></a></div>\r\n\r\n<p>Lorem ipsum dolor sit amet, consectetur adipiscing elit. Aliquam vitae bibendum sem, eu lacinia risus. Donec feugiat non arcu a imperdiet. Mauris cursus nunc vitae tortor rhoncus euismod. Nam in felis nec turpis cursus luctus nec eu tellus. Vestibulum ante ipsum primis in faucibus orci luctus et ultrices posuere cubilia Curae; Phasellus lobortis pulvinar lectus, et placerat sapien fringilla quis. Nunc dolor neque, dictum sit amet molestie congue, euismod non dui.</p>\r\n\r\n<p>Ut viverra metus eget dolor tincidunt, sit amet pulvinar dui efficitur. Cras ut mauris sapien. Etiam feugiat ante vitae nibh dictum, sit amet efficitur tellus tempus. Pellentesque sit amet egestas orci. Vivamus id metus blandit, facilisis est sed, pharetra turpis. Nam a iaculis nisl. Mauris pretium rhoncus dignissim. Proin mattis tincidunt fringilla.</p>\r\n\r\n<p>Sed ex quam, rhoncus a tempor et, hendrerit a massa. Praesent lobortis dolor ac dolor iaculis vehicula. Donec suscipit euismod felis eget finibus. Praesent dictum lorem nibh, ut finibus ante ornare sed. Phasellus sapien neque, ultrices eget magna facilisis, hendrerit ornare justo. Curabitur ultricies porttitor orci in blandit. In venenatis, nulla sit amet eleifend laoreet, felis odio mattis augue, eget tempor leo odio at justo. Aliquam pulvinar orci nec maximus sodales. Pellentesque efficitur ante nisl, ut consequat dui lacinia nec. Nullam suscipit velit ac magna eleifend scelerisque. Vestibulum tempor, nulla a interdum egestas, sapien nulla cursus elit, sed tincidunt mi arcu eu urna. Pellentesque vitae justo neque. Quisque ultrices ac tortor ut sagittis. Maecenas cursus, justo non tincidunt feugiat, velit libero elementum mauris, nec ornare justo arcu in eros. Donec ipsum lorem, faucibus sit amet dui et, vestibulum bibendum augue.</p>\r\n\r\n<p>Duis non quam nec libero fringilla tincidunt. Ut efficitur, dolor non pretium bibendum, odio ex convallis eros, quis dignissim ipsum nulla in nibh. Mauris id dictum sapien, vel hendrerit ex. Suspendisse lacinia aliquam lorem imperdiet vestibulum. Sed auctor elit ut arcu pretium, in volutpat ex vulputate. Donec id enim a est rutrum tempus. Curabitur nisl turpis, sagittis consectetur lorem vitae, mollis commodo ipsum. Lorem ipsum dolor sit amet, consectetur adipiscing elit.</p>\r\n\r\n<p>Quisque hendrerit dui eget massa ultricies vehicula. Praesent imperdiet ligula vel mi congue hendrerit. Ut sit amet tempor risus. Sed vel tellus elit. Aliquam ante dui, vehicula nec accumsan vel, ornare et dolor. Etiam congue neque leo. Aliquam risus nibh, porttitor nec tellus sit amet, feugiat laoreet justo. In velit tellus, pulvinar eget consequat id, tempor vel dui. Praesent tempor non mauris id tincidunt. Morbi mollis quam mi, at lobortis lorem auctor non. Donec convallis magna sed nibh mollis consectetur. Nam ultrices dui vel sem malesuada pulvinar. Phasellus luctus mollis ipsum eu blandit. Fusce ac libero auctor, volutpat erat eu,</p>\r\n', '¿Cómo funciona?', '¿Cómo funciona?', '¿Cómo funciona?', 'como-funciona', 1, '2014-09-26 11:19:25', '2014-09-26 11:19:25'),
(6, NULL, 11, 12, 'Contáctenos', '<p><strong>OFICINA PRINCIPAL</strong></p>\r\n\r\n<p>1884 Lawrenceville Suwanee Rd Ste 5</p>\r\n\r\n<p>Lawrenceville, GA 30043</p>\r\n\r\n<p>Tel: 404-939-0467</p>\r\n\r\n<p>Fax: 770-963-4150</p>\r\n\r\n<p>E-mail: <a href="mailto:info@icargobox.com">info@icargobox.com</a></p>\r\n\r\n<p>Nuestros&nbsp;Horarios</p>\r\n\r\n<p>Lunes a Viernes 10:oo a.m.-7:00 p.m.</p>\r\n\r\n<p>Sabados 10:00 a.m.- 6:00 p.m.</p>\r\n\r\n<p>Domingos Cerrados</p>\r\n', 'Contáctenos', 'Contáctenos', 'Contáctenos', 'contactenos', 1, '2014-09-26 11:20:11', '2014-10-22 09:07:46'),
(7, NULL, 13, 14, 'About Us', '<p>Lorem Ipsum is simply dummy text of the printing and typesetting industry. Lorem Ipsum has been the industry&#39;s standard dummy text ever since the 1500s, when an unknown printer took a galley of type and sages, and more recently.</p>\r\n\r\n<p>Lorem Ipsum is simply dummy text of the printing and typesetting industry. Lorem Ipsum has been the industry&#39;s standard dummy text ever since the 1500s, when an unknown printer took a galley of type and sages, and more recently.Lorem Ipsum is simply dummy text of the printing and typesetting industry. Lorem Ipsum has been the industry&#39;s standard dummy text ever since the 1500s, when an unknown printer took a galley of type and sages, and more recently.Lorem Ipsum is simply dummy text of the printing and typesetting industry. Lorem Ipsum has been the industry&#39;s standard dummy text ever since the 1500s, when an unknown printer took a galley of type and sages, and more recently.Lorem Ipsum is simply dummy text of the printing and typesetting industry. Lorem Ipsum has been the industry&#39;s standard dummy text ever since the 1500s, when an unknown printer took a galley of type and sages, and more recently.Lorem Ipsum is simply dummy text of the printing and typesetting industry. Lorem Ipsum has been the industry&#39;s standard dummy text ever since the 1500s, when an unknown printer took a galley of type and sages, and more recently.</p>\r\n\r\n<p>Lorem Ipsum is simply dummy text of the printing and typesetting industry. Lorem Ipsum has been the industry&#39;s standard dummy text ever since the 1500s, when an unknown printer took a galley of type and sages, and more recently.Lorem Ipsum is simply dummy text of the printing and typesetting industry. Lorem Ipsum has been the industry&#39;s standard dummy text ever since the 1500s, when an unknown printer took a galley of type and sages, and more recently.</p>\r\n', 'About Us', 'About Us', 'About Us', 'about-us', 1, '2014-10-14 07:57:44', '2014-10-14 07:57:44');

-- --------------------------------------------------------

--
-- Table structure for table `bs_communications`
--

CREATE TABLE IF NOT EXISTS `bs_communications` (
  `id` int(11) NOT NULL AUTO_INCREMENT,
  `alert_id` int(11) NOT NULL,
  `from_id` int(11) NOT NULL,
  `to_id` int(11) NOT NULL,
  `ip_address` varchar(30) COLLATE latin1_spanish_ci NOT NULL,
  `message` text COLLATE latin1_spanish_ci NOT NULL,
  `status` int(1) NOT NULL DEFAULT '0' COMMENT '0 = Unread, 1 = read',
  `created` datetime NOT NULL,
  PRIMARY KEY (`id`)
) ENGINE=InnoDB DEFAULT CHARSET=latin1 COLLATE=latin1_spanish_ci AUTO_INCREMENT=1 ;

-- --------------------------------------------------------

--
-- Table structure for table `bs_currencies`
--

CREATE TABLE IF NOT EXISTS `bs_currencies` (
  `id` int(11) NOT NULL AUTO_INCREMENT,
  `title` varchar(255) COLLATE latin1_spanish_ci NOT NULL,
  `amount` float DEFAULT NULL,
  `status` int(1) NOT NULL,
  `created` datetime NOT NULL,
  `modified` datetime NOT NULL,
  PRIMARY KEY (`id`)
) ENGINE=InnoDB  DEFAULT CHARSET=latin1 COLLATE=latin1_spanish_ci AUTO_INCREMENT=2 ;

--
-- Dumping data for table `bs_currencies`
--

INSERT INTO `bs_currencies` (`id`, `title`, `amount`, `status`, `created`, `modified`) VALUES
(1, 'Peso', 2155.3, 1, '2014-11-20 00:00:00', '2014-11-20 09:36:04');

-- --------------------------------------------------------

--
-- Table structure for table `bs_departments`
--

CREATE TABLE IF NOT EXISTS `bs_departments` (
  `id` int(11) NOT NULL AUTO_INCREMENT,
  `city_id` int(11) NOT NULL,
  `title` varchar(255) COLLATE latin1_spanish_ci NOT NULL,
  `status` int(1) NOT NULL,
  `created` datetime NOT NULL,
  `modified` datetime NOT NULL,
  PRIMARY KEY (`id`)
) ENGINE=InnoDB  DEFAULT CHARSET=latin1 COLLATE=latin1_spanish_ci AUTO_INCREMENT=654 ;

--
-- Dumping data for table `bs_departments`
--

INSERT INTO `bs_departments` (`id`, `city_id`, `title`, `status`, `created`, `modified`) VALUES
(1, 1, 'META', 1, '2014-09-26 00:00:00', '2014-09-27 08:51:45'),
(2, 2, 'HUILA', 1, '2014-09-26 00:00:00', '2014-09-26 00:00:00'),
(3, 3, 'CASANARE', 1, '2014-09-26 00:00:00', '2014-09-26 00:00:00'),
(4, 4, 'CUNDINAMARCA', 1, '2014-09-26 00:00:00', '2014-09-26 00:00:00'),
(5, 5, 'CESAR', 1, '2014-09-26 00:00:00', '2014-09-26 00:00:00'),
(6, 6, 'CALDAS', 1, '2014-09-26 00:00:00', '2014-09-26 00:00:00'),
(7, 7, 'HUILA', 1, '2014-09-26 00:00:00', '2014-09-26 00:00:00'),
(8, 8, 'CUNDINAMARCA', 1, '2014-09-26 00:00:00', '2014-09-26 00:00:00'),
(9, 9, 'CAQUETA', 1, '2014-09-26 00:00:00', '2014-09-26 00:00:00'),
(10, 10, 'VALLE', 1, '2014-09-26 00:00:00', '2014-09-26 00:00:00'),
(11, 11, 'NARIÑO', 1, '2014-09-26 00:00:00', '2014-09-26 00:00:00'),
(12, 12, 'ANTIOQUIA-ALEJANDRIA', 1, '2014-09-26 00:00:00', '2014-09-26 00:00:00'),
(13, 13, 'HUILA', 1, '2014-09-26 00:00:00', '2014-09-26 00:00:00'),
(14, 14, 'RISARALDA', 1, '2014-09-26 00:00:00', '2014-09-26 00:00:00'),
(15, 15, 'BUCARAMANGA', 1, '2014-09-26 00:00:00', '2014-09-26 00:00:00'),
(16, 16, 'HUILA', 1, '2014-09-26 00:00:00', '2014-09-26 00:00:00'),
(17, 17, 'TOLIMA', 1, '2014-09-26 00:00:00', '2014-09-26 00:00:00'),
(18, 18, 'ANTIOQUIA', 1, '2014-09-26 00:00:00', '2014-09-26 00:00:00'),
(19, 19, 'VALLE', 1, '2014-09-26 00:00:00', '2014-09-26 00:00:00'),
(20, 20, 'ANTIOQUIA', 1, '2014-09-26 00:00:00', '2014-09-26 00:00:00'),
(21, 21, 'TOLIMA', 1, '2014-09-26 00:00:00', '2014-09-26 00:00:00'),
(22, 22, 'CUNDINAMARCA', 1, '2014-09-26 00:00:00', '2014-09-26 00:00:00'),
(23, 23, 'VALLE', 1, '2014-09-26 00:00:00', '2014-09-26 00:00:00'),
(24, 24, 'ANTIOQUIA', 1, '2014-09-26 00:00:00', '2014-09-26 00:00:00'),
(25, 25, 'ANTIOQUIA', 1, '2014-09-26 00:00:00', '2014-09-26 00:00:00'),
(26, 26, 'ANTIOQUIA', 1, '2014-09-26 00:00:00', '2014-09-26 00:00:00'),
(27, 27, 'ANTIOQUIA', 1, '2014-09-26 00:00:00', '2014-09-26 00:00:00'),
(28, 28, 'CALDAS', 1, '2014-09-26 00:00:00', '2014-09-26 00:00:00'),
(29, 29, 'VALLE', 1, '2014-09-26 00:00:00', '2014-09-26 00:00:00'),
(30, 30, 'ANTIOQUIA', 1, '2014-09-26 00:00:00', '2014-09-26 00:00:00'),
(31, 31, 'RISARALDA', 1, '2014-09-26 00:00:00', '2014-09-26 00:00:00'),
(32, 32, 'MAGDALENA', 1, '2014-09-26 00:00:00', '2014-09-26 00:00:00'),
(33, 33, 'MEDELLIN-ANTIOQUIA', 1, '2014-09-26 00:00:00', '2014-09-26 00:00:00'),
(34, 34, 'CALDAS', 1, '2014-09-26 00:00:00', '2014-09-26 00:00:00'),
(35, 35, 'ARAUCA', 1, '2014-09-26 00:00:00', '2014-09-26 00:00:00'),
(36, 36, 'CALDAS', 1, '2014-09-26 00:00:00', '2014-09-26 00:00:00'),
(37, 37, 'ARAUCA', 1, '2014-09-26 00:00:00', '2014-09-26 00:00:00'),
(38, 38, 'CUNDINAMARCA', 1, '2014-09-26 00:00:00', '2014-09-26 00:00:00'),
(39, 39, 'ANTIOQUIA', 1, '2014-09-26 00:00:00', '2014-09-26 00:00:00'),
(40, 40, 'VALLE', 1, '2014-09-26 00:00:00', '2014-09-26 00:00:00'),
(41, 41, 'CESAR', 1, '2014-09-26 00:00:00', '2014-09-26 00:00:00'),
(42, 42, 'BOLIVAR', 1, '2014-09-26 00:00:00', '2014-09-26 00:00:00'),
(43, 43, 'QUINDIO', 1, '2014-09-26 00:00:00', '2014-09-26 00:00:00'),
(44, 44, 'TOLIMA', 1, '2014-09-26 00:00:00', '2014-09-26 00:00:00'),
(45, 45, 'TOLIMA', 1, '2014-09-26 00:00:00', '2014-09-26 00:00:00'),
(46, 46, 'VALLE', 1, '2014-09-26 00:00:00', '2014-09-26 00:00:00'),
(47, 47, 'CORDOBA', 1, '2014-09-26 00:00:00', '2014-09-26 00:00:00'),
(48, 48, 'ATLANTICO', 1, '2014-09-26 00:00:00', '2014-09-26 00:00:00'),
(49, 49, 'HUILA', 1, '2014-09-26 00:00:00', '2014-09-26 00:00:00'),
(50, 50, 'ANTIOQUIA', 1, '2014-09-26 00:00:00', '2014-09-26 00:00:00'),
(51, 51, 'SANTANDER', 1, '2014-09-26 00:00:00', '2014-09-26 00:00:00'),
(52, 52, 'CALDAS', 1, '2014-09-26 00:00:00', '2014-09-26 00:00:00'),
(53, 53, 'QUINDIO', 1, '2014-09-26 00:00:00', '2014-09-26 00:00:00'),
(54, 54, 'SANTANDER', 1, '2014-09-26 00:00:00', '2014-09-26 00:00:00'),
(55, 55, 'SANTANDER', 1, '2014-09-26 00:00:00', '2014-09-26 00:00:00'),
(56, 56, 'ATLANTICO', 1, '2014-09-26 00:00:00', '2014-09-26 00:00:00'),
(57, 57, 'CALDAS', 1, '2014-09-26 00:00:00', '2014-09-26 00:00:00'),
(58, 58, 'MEDELLIN', 1, '2014-09-26 00:00:00', '2014-09-26 00:00:00'),
(59, 59, 'CAQUETA', 1, '2014-09-26 00:00:00', '2014-09-26 00:00:00'),
(60, 60, 'RISARALDA', 1, '2014-09-26 00:00:00', '2014-09-26 00:00:00'),
(61, 61, 'BOYACA', 1, '2014-09-26 00:00:00', '2014-09-26 00:00:00'),
(62, 62, 'ANTIOQUIA', 1, '2014-09-26 00:00:00', '2014-09-26 00:00:00'),
(63, 63, 'ANTIOQUIA', 1, '2014-09-26 00:00:00', '2014-09-26 00:00:00'),
(64, 64, 'NORTE DE SANTANDER', 1, '2014-09-26 00:00:00', '2014-09-26 00:00:00'),
(65, 65, 'CUNDINAMARCA', 1, '2014-09-26 00:00:00', '2014-09-26 00:00:00'),
(66, 66, 'VALLE', 1, '2014-09-26 00:00:00', '2014-09-26 00:00:00'),
(67, 67, 'ANTIOQUIA', 1, '2014-09-26 00:00:00', '2014-09-26 00:00:00'),
(68, 68, 'CUNDINAMARCA', 1, '2014-09-26 00:00:00', '2014-09-26 00:00:00'),
(69, 69, 'CUNDINAMARCA', 1, '2014-09-26 00:00:00', '2014-09-26 00:00:00'),
(70, 70, 'CESAR', 1, '2014-09-26 00:00:00', '2014-09-26 00:00:00'),
(71, 71, 'CASANARE', 1, '2014-09-26 00:00:00', '2014-09-26 00:00:00'),
(72, 72, 'SANTANDER', 1, '2014-09-26 00:00:00', '2014-09-26 00:00:00'),
(73, 73, 'VALLE', 1, '2014-09-26 00:00:00', '2014-09-26 00:00:00'),
(74, 74, 'VALLE', 1, '2014-09-26 00:00:00', '2014-09-26 00:00:00'),
(75, 75, 'VALLE', 1, '2014-09-26 00:00:00', '2014-09-26 00:00:00'),
(76, 76, 'TOLIMA', 1, '2014-09-26 00:00:00', '2014-09-26 00:00:00'),
(77, 77, 'ANTIOQUIA', 1, '2014-09-26 00:00:00', '2014-09-26 00:00:00'),
(78, 78, 'CUNDINAMARCA', 1, '2014-09-26 00:00:00', '2014-09-26 00:00:00'),
(79, 79, 'CUNDINAMARCA', 1, '2014-09-26 00:00:00', '2014-09-26 00:00:00'),
(80, 80, 'VALLE', 1, '2014-09-26 00:00:00', '2014-09-26 00:00:00'),
(81, 81, 'TOLIMA', 1, '2014-09-26 00:00:00', '2014-09-26 00:00:00'),
(82, 82, 'CUNDINAMARCA', 1, '2014-09-26 00:00:00', '2014-09-26 00:00:00'),
(83, 83, 'BOLIVAR', 1, '2014-09-26 00:00:00', '2014-09-26 00:00:00'),
(84, 84, 'QUINDIO', 1, '2014-09-26 00:00:00', '2014-09-26 00:00:00'),
(85, 85, 'ANTIOQUIA', 1, '2014-09-26 00:00:00', '2014-09-26 00:00:00'),
(86, 86, 'RISARALDA', 1, '2014-09-26 00:00:00', '2014-09-26 00:00:00'),
(87, 87, 'ANTIOQUIA', 1, '2014-09-26 00:00:00', '2014-09-26 00:00:00'),
(88, 88, 'VALLE', 1, '2014-09-26 00:00:00', '2014-09-26 00:00:00'),
(89, 89, 'CAUCA', 1, '2014-09-26 00:00:00', '2014-09-26 00:00:00'),
(90, 90, 'ATLANTICO', 1, '2014-09-26 00:00:00', '2014-09-26 00:00:00'),
(91, 91, 'HUILA', 1, '2014-09-26 00:00:00', '2014-09-26 00:00:00'),
(92, 92, 'ATLANTICO', 1, '2014-09-26 00:00:00', '2014-09-26 00:00:00'),
(93, 93, 'VALLE', 1, '2014-09-26 00:00:00', '2014-09-26 00:00:00'),
(94, 94, 'SANTANDER', 1, '2014-09-26 00:00:00', '2014-09-26 00:00:00'),
(95, 95, 'CUNDINAMARCA', 1, '2014-09-26 00:00:00', '2014-09-26 00:00:00'),
(96, 96, 'ANTIOQUIA', 1, '2014-09-26 00:00:00', '2014-09-26 00:00:00'),
(97, 97, 'ANTIOQUIA', 1, '2014-09-26 00:00:00', '2014-09-26 00:00:00'),
(98, 98, 'ANTIOQUIA', 1, '2014-09-26 00:00:00', '2014-09-26 00:00:00'),
(99, 99, 'TOLIMA', 1, '2014-09-26 00:00:00', '2014-09-26 00:00:00'),
(100, 100, 'BOLIVAR', 1, '2014-09-26 00:00:00', '2014-09-26 00:00:00'),
(101, 101, 'ANTIOQUIA', 1, '2014-09-26 00:00:00', '2014-09-26 00:00:00'),
(102, 102, 'ANTIOQUIA', 1, '2014-09-26 00:00:00', '2014-09-26 00:00:00'),
(103, 103, 'BOLIVAR', 1, '2014-09-26 00:00:00', '2014-09-26 00:00:00'),
(104, 104, 'BOLIVAR-CARTAGENA', 1, '2014-09-26 00:00:00', '2014-09-26 00:00:00'),
(105, 105, 'VALLE', 1, '2014-09-26 00:00:00', '2014-09-26 00:00:00'),
(106, 106, 'QUINDIO', 1, '2014-09-26 00:00:00', '2014-09-26 00:00:00'),
(107, 107, 'META', 1, '2014-09-26 00:00:00', '2014-09-26 00:00:00'),
(108, 108, 'ANTIOQUIA', 1, '2014-09-26 00:00:00', '2014-09-26 00:00:00'),
(109, 109, 'CORDOBA', 1, '2014-09-26 00:00:00', '2014-09-26 00:00:00'),
(110, 110, 'GUAJIRA', 1, '2014-09-26 00:00:00', '2014-09-26 00:00:00'),
(111, 111, 'VALLE', 1, '2014-09-26 00:00:00', '2014-09-26 00:00:00'),
(112, 112, 'NARINO', 1, '2014-09-26 00:00:00', '2014-09-26 00:00:00'),
(113, 113, 'TOLIMA', 1, '2014-09-26 00:00:00', '2014-09-26 00:00:00'),
(114, 114, 'SANTANDER', 1, '2014-09-26 00:00:00', '2014-09-26 00:00:00'),
(115, 115, 'CUNDINAMARCA', 1, '2014-09-26 00:00:00', '2014-09-26 00:00:00'),
(116, 116, 'COL', 1, '2014-09-26 00:00:00', '2014-09-26 00:00:00'),
(117, 117, 'TOLIMA', 1, '2014-09-26 00:00:00', '2014-09-26 00:00:00'),
(118, 118, 'ANTIOQUIA', 1, '2014-09-26 00:00:00', '2014-09-26 00:00:00'),
(119, 119, 'ANTIOQUIA', 1, '2014-09-26 00:00:00', '2014-09-26 00:00:00'),
(120, 120, 'NORTE DE SANTANDER', 1, '2014-09-26 00:00:00', '2014-09-26 00:00:00'),
(121, 121, 'CESAR', 1, '2014-09-26 00:00:00', '2014-09-26 00:00:00'),
(122, 122, 'NORTE DE SANTANDER', 1, '2014-09-26 00:00:00', '2014-09-26 00:00:00'),
(123, 123, 'BOYACA', 1, '2014-09-26 00:00:00', '2014-09-26 00:00:00'),
(124, 124, 'CALDAS', 1, '2014-09-26 00:00:00', '2014-09-26 00:00:00'),
(125, 125, 'CORDOBA', 1, '2014-09-26 00:00:00', '2014-09-26 00:00:00'),
(126, 126, 'BOYACA', 1, '2014-09-26 00:00:00', '2014-09-26 00:00:00'),
(127, 127, 'CESAR', 1, '2014-09-26 00:00:00', '2014-09-26 00:00:00'),
(128, 128, 'CUNDINAMARCA', 1, '2014-09-26 00:00:00', '2014-09-26 00:00:00'),
(129, 129, 'CUNDINAMARCA', 1, '2014-09-26 00:00:00', '2014-09-26 00:00:00'),
(130, 130, 'MAGDALENA', 1, '2014-09-26 00:00:00', '2014-09-26 00:00:00'),
(131, 131, 'CORDOBA', 1, '2014-09-26 00:00:00', '2014-09-26 00:00:00'),
(132, 132, 'SANTANDER', 1, '2014-09-26 00:00:00', '2014-09-26 00:00:00'),
(133, 133, 'QUINDIO', 1, '2014-09-26 00:00:00', '2014-09-26 00:00:00'),
(134, 134, 'ANTIOQUIA', 1, '2014-09-26 00:00:00', '2014-09-26 00:00:00'),
(135, 135, 'ANTIOQUIA', 1, '2014-09-26 00:00:00', '2014-09-26 00:00:00'),
(136, 136, 'CUCUTA', 1, '2014-09-26 00:00:00', '2014-09-26 00:00:00'),
(137, 137, 'BOLIVAR', 1, '2014-09-26 00:00:00', '2014-09-26 00:00:00'),
(138, 138, 'MEXICO', 1, '2014-09-26 00:00:00', '2014-09-26 00:00:00'),
(139, 139, 'CESAR', 1, '2014-09-26 00:00:00', '2014-09-26 00:00:00'),
(140, 140, 'CESAR', 1, '2014-09-26 00:00:00', '2014-09-26 00:00:00'),
(141, 141, 'CALDAS', 1, '2014-09-26 00:00:00', '2014-09-26 00:00:00'),
(142, 142, 'CUNDINAMARCA', 1, '2014-09-26 00:00:00', '2014-09-26 00:00:00'),
(143, 143, 'PUTUMAYO', 1, '2014-09-26 00:00:00', '2014-09-26 00:00:00'),
(144, 144, 'BOYACA', 1, '2014-09-26 00:00:00', '2014-09-26 00:00:00'),
(145, 145, 'SANTANDER', 1, '2014-09-26 00:00:00', '2014-09-26 00:00:00'),
(146, 146, 'ANTIOQUIA', 1, '2014-09-26 00:00:00', '2014-09-26 00:00:00'),
(147, 147, 'NORTE DE SANTANDER', 1, '2014-09-26 00:00:00', '2014-09-26 00:00:00'),
(148, 148, 'ANTIOQUIA', 1, '2014-09-26 00:00:00', '2014-09-26 00:00:00'),
(149, 149, 'ANTIOQUIA', 1, '2014-09-26 00:00:00', '2014-09-26 00:00:00'),
(150, 150, 'SUCRE', 1, '2014-09-26 00:00:00', '2014-09-26 00:00:00'),
(151, 151, 'QUINDIO', 1, '2014-09-26 00:00:00', '2014-09-26 00:00:00'),
(152, 152, 'CAUCA', 1, '2014-09-26 00:00:00', '2014-09-26 00:00:00'),
(153, 153, 'SUCRE', 1, '2014-09-26 00:00:00', '2014-09-26 00:00:00'),
(154, 154, 'VALLE', 1, '2014-09-26 00:00:00', '2014-09-26 00:00:00'),
(155, 155, 'VALLE', 1, '2014-09-26 00:00:00', '2014-09-26 00:00:00'),
(156, 156, 'CUNDINAMARCA', 1, '2014-09-26 00:00:00', '2014-09-26 00:00:00'),
(157, 157, 'SUCRE', 1, '2014-09-26 00:00:00', '2014-09-26 00:00:00'),
(158, 158, 'QUINDIO', 1, '2014-09-26 00:00:00', '2014-09-26 00:00:00'),
(159, 159, 'RISARALDA', 1, '2014-09-26 00:00:00', '2014-09-26 00:00:00'),
(160, 160, 'META', 1, '2014-09-26 00:00:00', '2014-09-26 00:00:00'),
(161, 161, 'NORTE DE SANTANDER', 1, '2014-09-26 00:00:00', '2014-09-26 00:00:00'),
(162, 162, 'META', 1, '2014-09-26 00:00:00', '2014-09-26 00:00:00'),
(163, 163, 'TOLIMA', 1, '2014-09-26 00:00:00', '2014-09-26 00:00:00'),
(164, 164, 'SANTANDER', 1, '2014-09-26 00:00:00', '2014-09-26 00:00:00'),
(165, 165, 'CAQUETA', 1, '2014-09-26 00:00:00', '2014-09-26 00:00:00'),
(166, 166, 'ANTIOQUIA', 1, '2014-09-26 00:00:00', '2014-09-26 00:00:00'),
(167, 167, 'CESAR', 1, '2014-09-26 00:00:00', '2014-09-26 00:00:00'),
(168, 168, 'CESAR', 1, '2014-09-26 00:00:00', '2014-09-26 00:00:00'),
(169, 169, 'ANTIOQUIA', 1, '2014-09-26 00:00:00', '2014-09-26 00:00:00'),
(170, 170, 'ANTIOQUIA', 1, '2014-09-26 00:00:00', '2014-09-26 00:00:00'),
(171, 171, 'VALLE', 1, '2014-09-26 00:00:00', '2014-09-26 00:00:00'),
(172, 172, 'GUAJIRA', 1, '2014-09-26 00:00:00', '2014-09-26 00:00:00'),
(173, 173, 'ANTIOQUIA', 1, '2014-09-26 00:00:00', '2014-09-26 00:00:00'),
(174, 174, 'CAQUETA', 1, '2014-09-26 00:00:00', '2014-09-26 00:00:00'),
(175, 175, 'RISARALDA', 1, '2014-09-26 00:00:00', '2014-09-26 00:00:00'),
(176, 176, 'VALLE', 1, '2014-09-26 00:00:00', '2014-09-26 00:00:00'),
(177, 177, 'BOYACA', 1, '2014-09-26 00:00:00', '2014-09-26 00:00:00'),
(178, 178, 'VALLE', 1, '2014-09-26 00:00:00', '2014-09-26 00:00:00'),
(179, 179, 'ANTIOQUIA', 1, '2014-09-26 00:00:00', '2014-09-26 00:00:00'),
(180, 180, 'MAGDALENA', 1, '2014-09-26 00:00:00', '2014-09-26 00:00:00'),
(181, 181, 'CAUCA', 1, '2014-09-26 00:00:00', '2014-09-26 00:00:00'),
(182, 182, 'VALLE', 1, '2014-09-26 00:00:00', '2014-09-26 00:00:00'),
(183, 183, 'VALLE', 1, '2014-09-26 00:00:00', '2014-09-26 00:00:00'),
(184, 184, 'BOLIVAR', 1, '2014-09-26 00:00:00', '2014-09-26 00:00:00'),
(185, 185, 'VALLE', 1, '2014-09-26 00:00:00', '2014-09-26 00:00:00'),
(186, 186, 'VALLE', 1, '2014-09-26 00:00:00', '2014-09-26 00:00:00'),
(187, 187, 'CAQUETA', 1, '2014-09-26 00:00:00', '2014-09-26 00:00:00'),
(188, 188, 'VALLE', 1, '2014-09-26 00:00:00', '2014-09-26 00:00:00'),
(189, 189, 'BOLIVAR', 1, '2014-09-26 00:00:00', '2014-09-26 00:00:00'),
(190, 190, 'GUAJIRA', 1, '2014-09-26 00:00:00', '2014-09-26 00:00:00'),
(191, 191, 'ANTIOQUIA', 1, '2014-09-26 00:00:00', '2014-09-26 00:00:00'),
(192, 192, 'VALLE', 1, '2014-09-26 00:00:00', '2014-09-26 00:00:00'),
(193, 193, 'ANTIOQUIA', 1, '2014-09-26 00:00:00', '2014-09-26 00:00:00'),
(194, 194, 'MAGDALENA', 1, '2014-09-26 00:00:00', '2014-09-26 00:00:00'),
(195, 195, 'ANTIOQUIA', 1, '2014-09-26 00:00:00', '2014-09-26 00:00:00'),
(196, 196, 'NORTE DE SANTANDER', 1, '2014-09-26 00:00:00', '2014-09-26 00:00:00'),
(197, 197, 'VALLE', 1, '2014-09-26 00:00:00', '2014-09-26 00:00:00'),
(198, 198, 'CUNDINAMARCA', 1, '2014-09-26 00:00:00', '2014-09-26 00:00:00'),
(199, 199, 'IBAGUE', 1, '2014-09-26 00:00:00', '2014-09-26 00:00:00'),
(200, 200, 'ANTIOQUIA', 1, '2014-09-26 00:00:00', '2014-09-26 00:00:00'),
(201, 201, 'ANTIOQUIA', 1, '2014-09-26 00:00:00', '2014-09-26 00:00:00'),
(202, 202, 'ANTIOQUIA', 1, '2014-09-26 00:00:00', '2014-09-26 00:00:00'),
(203, 203, 'TOLIMA', 1, '2014-09-26 00:00:00', '2014-09-26 00:00:00'),
(204, 204, 'CUNDINAMARCA', 1, '2014-09-26 00:00:00', '2014-09-26 00:00:00'),
(205, 205, 'VALLE', 1, '2014-09-26 00:00:00', '2014-09-26 00:00:00'),
(206, 206, 'CALDAS', 1, '2014-09-26 00:00:00', '2014-09-26 00:00:00'),
(207, 207, 'QUINDIO', 1, '2014-09-26 00:00:00', '2014-09-26 00:00:00'),
(208, 208, 'TOLIMA', 1, '2014-09-26 00:00:00', '2014-09-26 00:00:00'),
(209, 209, 'CAQUETA', 1, '2014-09-26 00:00:00', '2014-09-26 00:00:00'),
(210, 210, 'NORTE DE SANTANDER', 1, '2014-09-26 00:00:00', '2014-09-26 00:00:00'),
(211, 211, 'SANTANDER', 1, '2014-09-26 00:00:00', '2014-09-26 00:00:00'),
(212, 212, 'VALLE', 1, '2014-09-26 00:00:00', '2014-09-26 00:00:00'),
(213, 213, 'CUNDINAMARCA', 1, '2014-09-26 00:00:00', '2014-09-26 00:00:00'),
(214, 214, 'GUAJIRA', 1, '2014-09-26 00:00:00', '2014-09-26 00:00:00'),
(215, 215, 'CUNDINAMARCA', 1, '2014-09-26 00:00:00', '2014-09-26 00:00:00'),
(216, 216, 'ANTIOQUIA', 1, '2014-09-26 00:00:00', '2014-09-26 00:00:00'),
(217, 217, 'TOLIMA', 1, '2014-09-26 00:00:00', '2014-09-26 00:00:00'),
(218, 218, 'ANTIOQUIA', 1, '2014-09-26 00:00:00', '2014-09-26 00:00:00'),
(219, 219, 'MAGDALENA', 1, '2014-09-26 00:00:00', '2014-09-26 00:00:00'),
(220, 220, 'CUNDINAMARCA', 1, '2014-09-26 00:00:00', '2014-09-26 00:00:00'),
(221, 221, 'CUNDINAMARCA', 1, '2014-09-26 00:00:00', '2014-09-26 00:00:00'),
(222, 222, 'CUNDINAMARCA', 1, '2014-09-26 00:00:00', '2014-09-26 00:00:00'),
(223, 223, 'MAGDALENA', 1, '2014-09-26 00:00:00', '2014-09-26 00:00:00'),
(224, 224, 'SANTANDER', 1, '2014-09-26 00:00:00', '2014-09-26 00:00:00'),
(225, 225, 'ATLANTICO', 1, '2014-09-26 00:00:00', '2014-09-26 00:00:00'),
(226, 226, 'CESAR', 1, '2014-09-26 00:00:00', '2014-09-26 00:00:00'),
(227, 227, 'BOYACA', 1, '2014-09-26 00:00:00', '2014-09-26 00:00:00'),
(228, 228, 'HUILA', 1, '2014-09-26 00:00:00', '2014-09-26 00:00:00'),
(229, 229, 'QUINDIO', 1, '2014-09-26 00:00:00', '2014-09-26 00:00:00'),
(230, 230, 'HUILA', 1, '2014-09-26 00:00:00', '2014-09-26 00:00:00'),
(231, 231, 'VALLE', 1, '2014-09-26 00:00:00', '2014-09-26 00:00:00'),
(232, 232, 'CUNDINAMARCA', 1, '2014-09-26 00:00:00', '2014-09-26 00:00:00'),
(233, 233, 'ANTIOQUIA', 1, '2014-09-26 00:00:00', '2014-09-26 00:00:00'),
(234, 234, 'SANTANDER', 1, '2014-09-26 00:00:00', '2014-09-26 00:00:00'),
(235, 235, 'ANTIOQUIA', 1, '2014-09-26 00:00:00', '2014-09-26 00:00:00'),
(236, 236, 'META', 1, '2014-09-26 00:00:00', '2014-09-26 00:00:00'),
(237, 237, 'VALLE', 1, '2014-09-26 00:00:00', '2014-09-26 00:00:00'),
(238, 238, 'HUILA', 1, '2014-09-26 00:00:00', '2014-09-26 00:00:00'),
(239, 239, 'CUNDINAMARCA', 1, '2014-09-26 00:00:00', '2014-09-26 00:00:00'),
(240, 240, 'GUAJIRA', 1, '2014-09-26 00:00:00', '2014-09-26 00:00:00'),
(241, 241, 'TOLIMA', 1, '2014-09-26 00:00:00', '2014-09-26 00:00:00'),
(242, 242, 'MAGDALENA', 1, '2014-09-26 00:00:00', '2014-09-26 00:00:00'),
(243, 243, 'META', 1, '2014-09-26 00:00:00', '2014-09-26 00:00:00'),
(244, 244, 'ANTIOQUIA', 1, '2014-09-26 00:00:00', '2014-09-26 00:00:00'),
(245, 245, 'TOLIMA', 1, '2014-09-26 00:00:00', '2014-09-26 00:00:00'),
(246, 246, 'CAUCA', 1, '2014-09-26 00:00:00', '2014-09-26 00:00:00'),
(247, 247, 'CALDAS', 1, '2014-09-26 00:00:00', '2014-09-26 00:00:00'),
(248, 248, 'ANTIOQUIA', 1, '2014-09-26 00:00:00', '2014-09-26 00:00:00'),
(249, 249, 'ANTIOQUIA', 1, '2014-09-26 00:00:00', '2014-09-26 00:00:00'),
(250, 250, 'CUNDINAMARCA', 1, '2014-09-26 00:00:00', '2014-09-26 00:00:00'),
(251, 251, 'BOYACA', 1, '2014-09-26 00:00:00', '2014-09-26 00:00:00'),
(252, 252, 'BOYACA', 1, '2014-09-26 00:00:00', '2014-09-26 00:00:00'),
(253, 253, 'RISARALDA', 1, '2014-09-26 00:00:00', '2014-09-26 00:00:00'),
(254, 254, 'ANTIOQUIA', 1, '2014-09-26 00:00:00', '2014-09-26 00:00:00'),
(255, 255, 'ANTIOQUIA', 1, '2014-09-26 00:00:00', '2014-09-26 00:00:00'),
(256, 256, 'HUILA', 1, '2014-09-26 00:00:00', '2014-09-26 00:00:00'),
(257, 257, 'VALLE', 1, '2014-09-26 00:00:00', '2014-09-26 00:00:00'),
(258, 258, 'TOLIMA', 1, '2014-09-26 00:00:00', '2014-09-26 00:00:00'),
(259, 259, 'SONORA', 1, '2014-09-26 00:00:00', '2014-09-26 00:00:00'),
(260, 260, 'SONORA', 1, '2014-09-26 00:00:00', '2014-09-26 00:00:00'),
(261, 261, 'TOLIMA', 1, '2014-09-26 00:00:00', '2014-09-26 00:00:00'),
(262, 262, 'TOLIMA', 1, '2014-09-26 00:00:00', '2014-09-26 00:00:00'),
(263, 263, 'TOLIMA', 1, '2014-09-26 00:00:00', '2014-09-26 00:00:00'),
(264, 264, 'GUAINIA', 1, '2014-09-26 00:00:00', '2014-09-26 00:00:00'),
(265, 265, 'NARINO', 1, '2014-09-26 00:00:00', '2014-09-26 00:00:00'),
(266, 266, 'CHOCO', 1, '2014-09-26 00:00:00', '2014-09-26 00:00:00'),
(267, 267, 'ANTIOQUIA', 1, '2014-09-26 00:00:00', '2014-09-26 00:00:00'),
(268, 268, 'VALLE', 1, '2014-09-26 00:00:00', '2014-09-26 00:00:00'),
(269, 269, 'ANTIOQUIA', 1, '2014-09-26 00:00:00', '2014-09-26 00:00:00'),
(270, 270, 'ANTIOQUIA', 1, '2014-09-26 00:00:00', '2014-09-26 00:00:00'),
(271, 271, 'ATLANTICO', 1, '2014-09-26 00:00:00', '2014-09-26 00:00:00'),
(272, 272, 'VALLE', 1, '2014-09-26 00:00:00', '2014-09-26 00:00:00'),
(273, 273, 'HUILA', 1, '2014-09-26 00:00:00', '2014-09-26 00:00:00'),
(274, 274, 'VALLE DEL CAUCA', 1, '2014-09-26 00:00:00', '2014-09-26 00:00:00'),
(275, 275, 'CUNDINAMARCA', 1, '2014-09-26 00:00:00', '2014-09-26 00:00:00'),
(276, 276, 'ANTIOQUIA', 1, '2014-09-26 00:00:00', '2014-09-26 00:00:00'),
(277, 277, 'RISARALDA', 1, '2014-09-26 00:00:00', '2014-09-26 00:00:00'),
(278, 278, 'NARINO', 1, '2014-09-26 00:00:00', '2014-09-26 00:00:00'),
(279, 279, 'VALLE', 1, '2014-09-26 00:00:00', '2014-09-26 00:00:00'),
(280, 280, 'CALDAS', 1, '2014-09-26 00:00:00', '2014-09-26 00:00:00'),
(281, 281, 'ANTIOQUIA', 1, '2014-09-26 00:00:00', '2014-09-26 00:00:00'),
(282, 282, 'CALDAS', 1, '2014-09-26 00:00:00', '2014-09-26 00:00:00'),
(283, 283, 'CESAR', 1, '2014-09-26 00:00:00', '2014-09-26 00:00:00'),
(284, 284, 'VALLE', 1, '2014-09-26 00:00:00', '2014-09-26 00:00:00'),
(285, 285, 'CUNDINAMARCA', 1, '2014-09-26 00:00:00', '2014-09-26 00:00:00'),
(286, 286, 'VALLE', 1, '2014-09-26 00:00:00', '2014-09-26 00:00:00'),
(287, 287, 'CUNDINAMARCA', 1, '2014-09-26 00:00:00', '2014-09-26 00:00:00'),
(288, 288, 'NORTE DE SANTANDER', 1, '2014-09-26 00:00:00', '2014-09-26 00:00:00'),
(289, 289, 'CESAR', 1, '2014-09-26 00:00:00', '2014-09-26 00:00:00'),
(290, 290, 'ANTIOQUIA', 1, '2014-09-26 00:00:00', '2014-09-26 00:00:00'),
(291, 291, 'HUILA', 1, '2014-09-26 00:00:00', '2014-09-26 00:00:00'),
(292, 292, 'ATLANTICO', 1, '2014-09-26 00:00:00', '2014-09-26 00:00:00'),
(293, 293, 'PUERTO NARE', 1, '2014-09-26 00:00:00', '2014-09-26 00:00:00'),
(294, 294, 'QUINDIO', 1, '2014-09-26 00:00:00', '2014-09-26 00:00:00'),
(295, 295, 'QUINDIO', 1, '2014-09-26 00:00:00', '2014-09-26 00:00:00'),
(296, 296, 'NARIÑO-PASTO', 1, '2014-09-26 00:00:00', '2014-09-26 00:00:00'),
(297, 297, 'ANTIOQUIA', 1, '2014-09-26 00:00:00', '2014-09-26 00:00:00'),
(298, 298, 'VALLE', 1, '2014-09-26 00:00:00', '2014-09-26 00:00:00'),
(299, 299, 'CUNDINAMARCA', 1, '2014-09-26 00:00:00', '2014-09-26 00:00:00'),
(300, 300, 'VALLE', 1, '2014-09-26 00:00:00', '2014-09-26 00:00:00'),
(301, 301, 'VALLE', 1, '2014-09-26 00:00:00', '2014-09-26 00:00:00'),
(302, 302, 'RISARALDA', 1, '2014-09-26 00:00:00', '2014-09-26 00:00:00'),
(303, 303, 'CESAR', 1, '2014-09-26 00:00:00', '2014-09-26 00:00:00'),
(304, 304, 'SANTANDER', 1, '2014-09-26 00:00:00', '2014-09-29 09:08:39'),
(305, 305, 'SANTANDER DEL SUR', 1, '2014-09-26 00:00:00', '2014-09-26 00:00:00'),
(306, 306, 'TOLIMA', 1, '2014-09-26 00:00:00', '2014-09-26 00:00:00'),
(307, 307, 'AMAZONAS', 1, '2014-09-26 00:00:00', '2014-09-26 00:00:00'),
(308, 308, 'TOLIMA', 1, '2014-09-26 00:00:00', '2014-09-26 00:00:00'),
(309, 309, 'ANTIOQUIA', 1, '2014-09-26 00:00:00', '2014-09-26 00:00:00'),
(310, 310, 'ANTIOQUIA', 1, '2014-09-26 00:00:00', '2014-09-26 00:00:00'),
(311, 311, 'NARINO', 1, '2014-09-26 00:00:00', '2014-09-26 00:00:00'),
(312, 312, 'CORDOBA', 1, '2014-09-26 00:00:00', '2014-09-26 00:00:00'),
(313, 313, 'SUCRE', 1, '2014-09-26 00:00:00', '2014-09-26 00:00:00'),
(314, 314, 'NORTE DE SANTANDER', 1, '2014-09-26 00:00:00', '2014-09-26 00:00:00'),
(315, 315, 'ANTIOQUIA', 1, '2014-09-26 00:00:00', '2014-09-26 00:00:00'),
(316, 316, 'CUNDINAMARCA', 1, '2014-09-26 00:00:00', '2014-09-26 00:00:00'),
(317, 317, 'ANTIOQUIA', 1, '2014-09-26 00:00:00', '2014-09-26 00:00:00'),
(318, 318, 'CUNDINAMARCA', 1, '2014-09-26 00:00:00', '2014-09-26 00:00:00'),
(319, 319, 'BOLIVAR', 1, '2014-09-26 00:00:00', '2014-09-26 00:00:00'),
(320, 320, 'GUAJIRA', 1, '2014-09-26 00:00:00', '2014-09-26 00:00:00'),
(321, 321, 'SUCRE', 1, '2014-09-26 00:00:00', '2014-09-26 00:00:00'),
(322, 322, 'SANTANDER', 1, '2014-09-26 00:00:00', '2014-09-26 00:00:00'),
(323, 323, 'ATLANTICO', 1, '2014-09-26 00:00:00', '2014-09-26 00:00:00'),
(324, 324, 'ATLANTICO', 1, '2014-09-26 00:00:00', '2014-09-26 00:00:00'),
(325, 325, 'CASANARE', 1, '2014-09-26 00:00:00', '2014-09-26 00:00:00'),
(326, 326, 'CALDAS', 1, '2014-09-26 00:00:00', '2014-09-26 00:00:00'),
(327, 327, 'CALDAS', 1, '2014-09-26 00:00:00', '2014-09-26 00:00:00'),
(328, 328, 'BOLIVAR', 1, '2014-09-26 00:00:00', '2014-09-26 00:00:00'),
(329, 329, 'ANTIOQUIA', 1, '2014-09-26 00:00:00', '2014-09-26 00:00:00'),
(330, 330, 'TOLIMA', 1, '2014-09-26 00:00:00', '2014-09-26 00:00:00'),
(331, 331, 'CALDAS', 1, '2014-09-26 00:00:00', '2014-09-26 00:00:00'),
(332, 332, 'RISARALDA', 1, '2014-09-26 00:00:00', '2014-09-26 00:00:00'),
(333, 333, 'ANTIOQUIA', 1, '2014-09-26 00:00:00', '2014-09-26 00:00:00'),
(334, 334, 'TOLIMA', 1, '2014-09-26 00:00:00', '2014-09-26 00:00:00'),
(335, 335, 'CUNDINAMARCA', 1, '2014-09-26 00:00:00', '2014-09-26 00:00:00'),
(336, 336, 'GUAJIRA', 1, '2014-09-26 00:00:00', '2014-09-26 00:00:00'),
(337, 337, 'BOYACA', 1, '2014-09-26 00:00:00', '2014-09-26 00:00:00'),
(338, 338, 'CAUCA', 1, '2014-09-26 00:00:00', '2014-09-26 00:00:00'),
(339, 339, 'RISARALDA', 1, '2014-09-26 00:00:00', '2014-09-26 00:00:00'),
(340, 340, 'VAUPEZ', 1, '2014-09-26 00:00:00', '2014-09-26 00:00:00'),
(341, 341, 'CUNDINAMARCA', 1, '2014-09-26 00:00:00', '2014-09-26 00:00:00'),
(342, 342, 'PUTUMAYO', 1, '2014-09-26 00:00:00', '2014-09-26 00:00:00'),
(343, 343, 'CORDOBA', 1, '2014-09-26 00:00:00', '2014-09-26 00:00:00'),
(344, 344, 'BOLIVAR', 1, '2014-09-26 00:00:00', '2014-09-26 00:00:00'),
(345, 345, 'BOYACA', 1, '2014-09-26 00:00:00', '2014-09-26 00:00:00'),
(346, 346, 'BOYACA', 1, '2014-09-26 00:00:00', '2014-09-26 00:00:00'),
(347, 347, 'BOYACA', 1, '2014-09-26 00:00:00', '2014-09-26 00:00:00'),
(348, 348, 'BOLIVAR', 1, '2014-09-26 00:00:00', '2014-09-26 00:00:00'),
(349, 349, 'SUCRE', 1, '2014-09-26 00:00:00', '2014-09-26 00:00:00'),
(350, 350, 'CORDOBA', 1, '2014-09-26 00:00:00', '2014-09-26 00:00:00'),
(351, 351, 'QUINDIO', 1, '2014-09-26 00:00:00', '2014-09-26 00:00:00'),
(352, 352, 'CORDOBA', 1, '2014-09-26 00:00:00', '2014-09-26 00:00:00'),
(353, 353, 'CASANARE', 1, '2014-09-26 00:00:00', '2014-09-26 00:00:00'),
(354, 354, 'CAUCA', 1, '2014-09-26 00:00:00', '2014-09-26 00:00:00'),
(355, 355, 'BOYACA', 1, '2014-09-26 00:00:00', '2014-09-26 00:00:00'),
(356, 356, 'CUNDINAMARCA', 1, '2014-09-26 00:00:00', '2014-09-26 00:00:00'),
(357, 357, 'ANTIOQUIA', 1, '2014-09-26 00:00:00', '2014-09-26 00:00:00'),
(358, 358, 'NORTE DE SANTANDER', 1, '2014-09-26 00:00:00', '2014-09-26 00:00:00'),
(359, 359, 'CUNDINAMARCA', 1, '2014-09-26 00:00:00', '2014-09-26 00:00:00'),
(360, 360, 'TOLIMA', 1, '2014-09-26 00:00:00', '2014-09-26 00:00:00'),
(361, 361, 'ANTIOQUIA', 1, '2014-09-26 00:00:00', '2014-09-26 00:00:00'),
(362, 362, 'CALDAS', 1, '2014-09-26 00:00:00', '2014-09-26 00:00:00'),
(363, 363, 'HUILA', 1, '2014-09-26 00:00:00', '2014-09-26 00:00:00'),
(364, 364, 'CUNDINAMARCA', 1, '2014-09-26 00:00:00', '2014-09-26 00:00:00'),
(365, 365, 'CUNDINAMARCA', 1, '2014-09-26 00:00:00', '2014-09-26 00:00:00'),
(366, 366, 'ANTIOQUIA', 1, '2014-09-26 00:00:00', '2014-09-26 00:00:00'),
(367, 367, 'BOYACA', 1, '2014-09-26 00:00:00', '2014-09-26 00:00:00'),
(368, 368, 'CUNDINAMARCA', 1, '2014-09-26 00:00:00', '2014-09-26 00:00:00'),
(369, 369, 'CUNDINAMARCA', 1, '2014-09-26 00:00:00', '2014-09-26 00:00:00'),
(370, 370, 'VALLE', 1, '2014-09-26 00:00:00', '2014-09-26 00:00:00'),
(371, 371, 'CUNDINAMARCA', 1, '2014-09-26 00:00:00', '2014-09-26 00:00:00'),
(372, 372, 'CALDAS', 1, '2014-09-26 00:00:00', '2014-09-26 00:00:00'),
(373, 373, 'OBANDO-VALLE', 1, '2014-09-26 00:00:00', '2014-09-26 00:00:00'),
(374, 374, 'NORTE DE SANTANDER', 1, '2014-09-26 00:00:00', '2014-09-26 00:00:00'),
(375, 375, 'SANTANDER', 1, '2014-09-26 00:00:00', '2014-09-26 00:00:00'),
(376, 376, 'SANTANDER', 1, '2014-09-26 00:00:00', '2014-09-26 00:00:00'),
(377, 377, 'MAGDALENA', 1, '2014-09-26 00:00:00', '2014-09-26 00:00:00'),
(378, 378, 'PUTUMAYO', 1, '2014-09-26 00:00:00', '2014-09-26 00:00:00'),
(379, 379, 'HUILA', 1, '2014-09-26 00:00:00', '2014-09-26 00:00:00'),
(380, 380, 'TOLIMA', 1, '2014-09-26 00:00:00', '2014-09-26 00:00:00'),
(381, 381, 'SUCRE', 1, '2014-09-26 00:00:00', '2014-09-26 00:00:00'),
(382, 382, 'CUNDINAMARCA', 1, '2014-09-26 00:00:00', '2014-09-26 00:00:00'),
(383, 383, 'CALDAS', 1, '2014-09-26 00:00:00', '2014-09-26 00:00:00'),
(384, 384, 'TOLIMA', 1, '2014-09-26 00:00:00', '2014-09-26 00:00:00'),
(385, 385, 'HUILA', 1, '2014-09-26 00:00:00', '2014-09-26 00:00:00'),
(386, 386, 'CESAR', 1, '2014-09-26 00:00:00', '2014-09-26 00:00:00'),
(387, 387, 'BOYACA', 1, '2014-09-26 00:00:00', '2014-09-26 00:00:00'),
(388, 388, 'ANTIOQUIA', 1, '2014-09-26 00:00:00', '2014-09-26 00:00:00'),
(389, 389, 'HUILA', 1, '2014-09-26 00:00:00', '2014-09-26 00:00:00'),
(390, 390, 'CALDAS', 1, '2014-09-26 00:00:00', '2014-09-26 00:00:00'),
(391, 391, 'ATLANTICO', 1, '2014-09-26 00:00:00', '2014-09-26 00:00:00'),
(392, 392, 'VALLE', 1, '2014-09-26 00:00:00', '2014-09-26 00:00:00'),
(393, 393, 'TOLIMA', 1, '2014-09-26 00:00:00', '2014-09-26 00:00:00'),
(394, 394, 'NORTE DE SANTANDER', 1, '2014-09-26 00:00:00', '2014-09-26 00:00:00'),
(395, 395, 'CUNDINAMARCA', 1, '2014-09-26 00:00:00', '2014-09-26 00:00:00'),
(396, 396, 'NARINO', 1, '2014-09-26 00:00:00', '2014-09-26 00:00:00'),
(397, 397, 'CASANARE', 1, '2014-09-26 00:00:00', '2014-09-26 00:00:00'),
(398, 398, 'BOYACA', 1, '2014-09-26 00:00:00', '2014-09-26 00:00:00'),
(399, 399, 'PELAYA - CESAR', 1, '2014-09-26 00:00:00', '2014-09-26 00:00:00'),
(400, 400, 'PENOL', 1, '2014-09-26 00:00:00', '2014-09-26 00:00:00'),
(401, 401, 'CALDAS', 1, '2014-09-26 00:00:00', '2014-09-26 00:00:00'),
(402, 402, 'RISARALDA', 1, '2014-09-26 00:00:00', '2014-09-26 00:00:00'),
(403, 403, 'SANTANDER DEL SUR', 1, '2014-09-26 00:00:00', '2014-09-26 00:00:00'),
(404, 404, 'SANTANDER', 1, '2014-09-26 00:00:00', '2014-09-26 00:00:00'),
(405, 405, 'TOLIMA', 1, '2014-09-26 00:00:00', '2014-09-26 00:00:00'),
(406, 406, 'CAUCA', 1, '2014-09-26 00:00:00', '2014-09-26 00:00:00'),
(407, 407, 'QUINDIO', 1, '2014-09-26 00:00:00', '2014-09-26 00:00:00'),
(408, 408, 'BOYACA', 1, '2014-09-26 00:00:00', '2014-09-26 00:00:00'),
(409, 409, 'HUILA', 1, '2014-09-26 00:00:00', '2014-09-26 00:00:00'),
(410, 410, 'MAGDALENA', 1, '2014-09-26 00:00:00', '2014-09-26 00:00:00'),
(411, 411, 'CORDOBA', 1, '2014-09-26 00:00:00', '2014-09-26 00:00:00'),
(412, 412, 'CORDOBA(COL)', 1, '2014-09-26 00:00:00', '2014-09-26 00:00:00'),
(413, 413, 'MAGDALENA', 1, '2014-09-26 00:00:00', '2014-09-26 00:00:00'),
(414, 414, 'ATLANTICO', 1, '2014-09-26 00:00:00', '2014-09-26 00:00:00'),
(415, 415, 'ATLANTICO', 1, '2014-09-26 00:00:00', '2014-09-26 00:00:00'),
(416, 416, 'CAUCA', 1, '2014-09-26 00:00:00', '2014-09-26 00:00:00'),
(417, 417, 'VALLE', 1, '2014-09-26 00:00:00', '2014-09-26 00:00:00'),
(418, 418, 'TOLIMA', 1, '2014-09-26 00:00:00', '2014-09-26 00:00:00'),
(419, 419, 'SAN ANDRES', 1, '2014-09-26 00:00:00', '2014-09-26 00:00:00'),
(420, 420, 'PARANA', 1, '2014-09-26 00:00:00', '2014-09-26 00:00:00'),
(421, 421, 'QUINDIO', 1, '2014-09-26 00:00:00', '2014-09-26 00:00:00'),
(422, 422, 'ANTIOQUIA', 1, '2014-09-26 00:00:00', '2014-09-26 00:00:00'),
(423, 423, 'RISARALDA', 1, '2014-09-26 00:00:00', '2014-09-26 00:00:00'),
(424, 424, 'QUINDIO', 1, '2014-09-26 00:00:00', '2014-09-26 00:00:00'),
(425, 425, 'NARINO', 1, '2014-09-26 00:00:00', '2014-09-26 00:00:00'),
(426, 426, 'PUTUMAYO', 1, '2014-09-26 00:00:00', '2014-09-26 00:00:00'),
(427, 427, 'ANTIOQUIA', 1, '2014-09-26 00:00:00', '2014-09-26 00:00:00'),
(428, 428, 'BOYACA', 1, '2014-09-26 00:00:00', '2014-09-26 00:00:00'),
(429, 429, 'META', 1, '2014-09-26 00:00:00', '2014-09-26 00:00:00'),
(430, 430, 'VICHADA', 1, '2014-09-26 00:00:00', '2014-09-26 00:00:00'),
(431, 431, 'ATLANTICO', 1, '2014-09-26 00:00:00', '2014-09-26 00:00:00'),
(432, 432, 'ATLANTICO', 1, '2014-09-26 00:00:00', '2014-09-26 00:00:00'),
(433, 433, 'PUTUMAYO', 1, '2014-09-26 00:00:00', '2014-09-26 00:00:00'),
(434, 434, 'META', 1, '2014-09-26 00:00:00', '2014-09-26 00:00:00'),
(435, 435, 'META', 1, '2014-09-26 00:00:00', '2014-09-26 00:00:00'),
(436, 436, 'ANTIOQUIA', 1, '2014-09-26 00:00:00', '2014-09-26 00:00:00'),
(437, 437, 'CAQUETA', 1, '2014-09-26 00:00:00', '2014-09-26 00:00:00'),
(438, 438, 'CUNDINAMARCA', 1, '2014-09-26 00:00:00', '2014-09-26 00:00:00'),
(439, 439, 'NORTE DE SANTANDER', 1, '2014-09-26 00:00:00', '2014-09-26 00:00:00'),
(440, 440, 'CAUCA', 1, '2014-09-26 00:00:00', '2014-09-26 00:00:00'),
(441, 441, 'ANTIOQUIA', 1, '2014-09-26 00:00:00', '2014-09-26 00:00:00'),
(442, 442, 'META', 1, '2014-09-26 00:00:00', '2014-09-26 00:00:00'),
(443, 443, 'TOLIMA', 1, '2014-09-26 00:00:00', '2014-09-26 00:00:00'),
(444, 444, 'CORDOBA', 1, '2014-09-26 00:00:00', '2014-09-26 00:00:00'),
(445, 445, 'CHOCO', 1, '2014-09-26 00:00:00', '2014-09-26 00:00:00'),
(446, 446, 'QUINDIO', 1, '2014-09-26 00:00:00', '2014-09-26 00:00:00'),
(447, 447, 'RISARALDA', 1, '2014-09-26 00:00:00', '2014-09-26 00:00:00'),
(448, 448, 'QURIQUEA BACHUE', 1, '2014-09-26 00:00:00', '2014-09-26 00:00:00'),
(449, 449, 'BOYACA', 1, '2014-09-26 00:00:00', '2014-09-26 00:00:00'),
(450, 450, 'ANTIOQUIA', 1, '2014-09-26 00:00:00', '2014-09-26 00:00:00'),
(451, 451, 'VALLE', 1, '2014-09-26 00:00:00', '2014-09-26 00:00:00'),
(452, 452, 'META', 1, '2014-09-26 00:00:00', '2014-09-26 00:00:00'),
(453, 453, 'ANTIOQUIA', 1, '2014-09-26 00:00:00', '2014-09-26 00:00:00'),
(454, 454, 'CUNDINAMARCA', 1, '2014-09-26 00:00:00', '2014-09-26 00:00:00'),
(455, 455, 'VALLE', 1, '2014-09-26 00:00:00', '2014-09-26 00:00:00'),
(456, 456, 'ANTIOQUIA', 1, '2014-09-26 00:00:00', '2014-09-26 00:00:00'),
(457, 457, 'CALDAS', 1, '2014-09-26 00:00:00', '2014-09-26 00:00:00'),
(458, 458, 'GUAJIRA', 1, '2014-09-26 00:00:00', '2014-09-26 00:00:00'),
(459, 459, 'RIO NEGRO ANTIOQUIA', 1, '2014-09-26 00:00:00', '2014-09-26 00:00:00'),
(460, 460, 'CALDAS', 1, '2014-09-26 00:00:00', '2014-09-26 00:00:00'),
(461, 461, 'HUILA', 1, '2014-09-26 00:00:00', '2014-09-26 00:00:00'),
(462, 462, 'ANTIOQUIA', 1, '2014-09-26 00:00:00', '2014-09-26 00:00:00'),
(463, 463, 'ANTIOQUIA', 1, '2014-09-26 00:00:00', '2014-09-26 00:00:00'),
(464, 464, 'VALLE', 1, '2014-09-26 00:00:00', '2014-09-26 00:00:00'),
(465, 465, 'VALLE', 1, '2014-09-26 00:00:00', '2014-09-26 00:00:00'),
(466, 466, 'SANTANDER DEL SUR', 1, '2014-09-26 00:00:00', '2014-09-26 00:00:00'),
(467, 467, 'ATLANTICO', 1, '2014-09-26 00:00:00', '2014-09-26 00:00:00'),
(468, 468, 'ATLANTICO', 1, '2014-09-26 00:00:00', '2014-09-26 00:00:00'),
(469, 469, 'ANTIOQUIA', 1, '2014-09-26 00:00:00', '2014-09-26 00:00:00'),
(470, 470, 'BOYACA', 1, '2014-09-26 00:00:00', '2014-09-26 00:00:00'),
(471, 471, 'BOYACA', 1, '2014-09-26 00:00:00', '2014-09-26 00:00:00'),
(472, 472, 'CORDOBA', 1, '2014-09-26 00:00:00', '2014-09-26 00:00:00'),
(473, 473, 'CORDOBA', 1, '2014-09-26 00:00:00', '2014-09-26 00:00:00'),
(474, 474, 'CALDAS', 1, '2014-09-26 00:00:00', '2014-09-26 00:00:00'),
(475, 475, 'TOLIMA', 1, '2014-09-26 00:00:00', '2014-09-26 00:00:00'),
(476, 476, 'QUINDIO', 1, '2014-09-26 00:00:00', '2014-09-26 00:00:00'),
(477, 477, 'ATLANTICO', 1, '2014-09-26 00:00:00', '2014-09-26 00:00:00'),
(478, 478, 'SALGAR-ANTIOQUIA', 1, '2014-09-26 00:00:00', '2014-09-26 00:00:00'),
(479, 479, 'BOYACA', 1, '2014-09-26 00:00:00', '2014-09-26 00:00:00'),
(480, 480, 'NARINO', 1, '2014-09-26 00:00:00', '2014-09-26 00:00:00'),
(481, 481, 'SUCRE', 1, '2014-09-26 00:00:00', '2014-09-26 00:00:00'),
(482, 482, 'HUILA', 1, '2014-09-26 00:00:00', '2014-09-26 00:00:00'),
(483, 483, 'CESAR', 1, '2014-09-26 00:00:00', '2014-09-26 00:00:00'),
(484, 484, 'CORDOBA', 1, '2014-09-26 00:00:00', '2014-09-26 00:00:00'),
(485, 485, 'PARANA', 1, '2014-09-26 00:00:00', '2014-09-26 00:00:00'),
(486, 486, 'SAN ANDRES', 1, '2014-09-26 00:00:00', '2014-09-26 00:00:00'),
(487, 487, 'VALLE', 1, '2014-09-26 00:00:00', '2014-09-26 00:00:00'),
(488, 488, 'ANTIOQUIA', 1, '2014-09-26 00:00:00', '2014-09-26 00:00:00'),
(489, 489, 'ANTIOQUIA', 1, '2014-09-26 00:00:00', '2014-09-26 00:00:00'),
(490, 490, 'CUNDINAMARCA', 1, '2014-09-26 00:00:00', '2014-09-26 00:00:00'),
(491, 491, 'CORDOBA', 1, '2014-09-26 00:00:00', '2014-09-26 00:00:00'),
(492, 492, 'ANTIOQUIA', 1, '2014-09-26 00:00:00', '2014-09-26 00:00:00'),
(493, 493, 'SANTANDER', 1, '2014-09-26 00:00:00', '2014-09-26 00:00:00'),
(494, 494, 'ANTIOQUIA', 1, '2014-09-26 00:00:00', '2014-09-26 00:00:00'),
(495, 495, 'GUAVIARE', 1, '2014-09-26 00:00:00', '2014-09-26 00:00:00'),
(496, 496, 'BOLIVAR', 1, '2014-09-26 00:00:00', '2014-09-26 00:00:00'),
(497, 497, 'NARINO', 1, '2014-09-26 00:00:00', '2014-09-26 00:00:00'),
(498, 498, 'CUNDINAMARCA', 1, '2014-09-26 00:00:00', '2014-09-26 00:00:00'),
(499, 499, 'ANTIOQUIA', 1, '2014-09-26 00:00:00', '2014-09-26 00:00:00'),
(500, 500, 'GUAJIRA', 1, '2014-09-26 00:00:00', '2014-09-26 00:00:00'),
(501, 501, 'BOLIVAR', 1, '2014-09-26 00:00:00', '2014-09-26 00:00:00'),
(502, 502, 'CUNDINAMARCA', 1, '2014-09-26 00:00:00', '2014-09-26 00:00:00'),
(503, 503, 'SUCRE', 1, '2014-09-26 00:00:00', '2014-09-26 00:00:00'),
(504, 504, 'META', 1, '2014-09-26 00:00:00', '2014-09-26 00:00:00'),
(505, 505, 'SUCRE', 1, '2014-09-26 00:00:00', '2014-09-26 00:00:00'),
(506, 506, 'VALLE', 1, '2014-09-26 00:00:00', '2014-09-26 00:00:00'),
(507, 507, 'VALLE DEL CAUCA', 1, '2014-09-26 00:00:00', '2014-09-26 00:00:00'),
(508, 508, 'ANTIOQUIA', 1, '2014-09-26 00:00:00', '2014-09-26 00:00:00'),
(509, 509, 'CORDOBA', 1, '2014-09-26 00:00:00', '2014-09-26 00:00:00'),
(510, 510, 'SUCRE', 1, '2014-09-26 00:00:00', '2014-09-26 00:00:00'),
(511, 511, 'ANTIOQUIA', 1, '2014-09-26 00:00:00', '2014-09-26 00:00:00'),
(512, 512, 'RISARALDA', 1, '2014-09-26 00:00:00', '2014-09-26 00:00:00'),
(513, 513, 'ANTIOQUIA', 1, '2014-09-26 00:00:00', '2014-09-26 00:00:00'),
(514, 514, 'ANTIOQUIA', 1, '2014-09-26 00:00:00', '2014-09-26 00:00:00'),
(515, 515, 'RISARALDA', 1, '2014-09-26 00:00:00', '2014-09-26 00:00:00'),
(516, 516, 'SANTANDER', 1, '2014-09-26 00:00:00', '2014-09-26 00:00:00'),
(517, 517, 'CAQUETA', 1, '2014-09-26 00:00:00', '2014-09-26 00:00:00'),
(518, 518, 'NARINO', 1, '2014-09-26 00:00:00', '2014-09-26 00:00:00'),
(519, 519, 'NARIÑO', 1, '2014-09-26 00:00:00', '2014-09-26 00:00:00'),
(520, 520, 'MAGDALENA', 1, '2014-09-26 00:00:00', '2014-09-26 00:00:00'),
(521, 521, 'ANTIOQUIA', 1, '2014-09-26 00:00:00', '2014-09-26 00:00:00'),
(522, 522, 'ATLANTICO', 1, '2014-09-26 00:00:00', '2014-09-26 00:00:00'),
(523, 523, 'BOYACA', 1, '2014-09-26 00:00:00', '2014-09-26 00:00:00'),
(524, 524, 'MAGDALENA', 1, '2014-09-26 00:00:00', '2014-09-26 00:00:00'),
(525, 525, 'CAUCA', 1, '2014-09-26 00:00:00', '2014-09-26 00:00:00'),
(526, 526, 'ANTIOQUIA', 1, '2014-09-26 00:00:00', '2014-09-26 00:00:00'),
(527, 527, 'RISARALDA', 1, '2014-09-26 00:00:00', '2014-09-26 00:00:00'),
(528, 528, 'ANTIOQUIA', 1, '2014-09-26 00:00:00', '2014-09-26 00:00:00'),
(529, 529, 'BOYACA', 1, '2014-09-26 00:00:00', '2014-09-26 00:00:00'),
(530, 530, 'ANTIOQUIA', 1, '2014-09-26 00:00:00', '2014-09-26 00:00:00'),
(531, 531, 'MAGDALENA', 1, '2014-09-26 00:00:00', '2014-09-26 00:00:00'),
(532, 532, 'SANTANDER DEL SUR', 1, '2014-09-26 00:00:00', '2014-09-26 00:00:00'),
(533, 533, 'SANTANDER', 1, '2014-09-26 00:00:00', '2014-09-26 00:00:00'),
(534, 534, 'CAUCA', 1, '2014-09-26 00:00:00', '2014-09-26 00:00:00'),
(535, 535, 'CUNDINAMARCA', 1, '2014-09-26 00:00:00', '2014-09-26 00:00:00'),
(536, 536, 'ANTIOQUIA', 1, '2014-09-26 00:00:00', '2014-09-26 00:00:00'),
(537, 537, 'ATLANTICO', 1, '2014-09-26 00:00:00', '2014-09-26 00:00:00'),
(538, 538, 'ATLANTICO', 1, '2014-09-26 00:00:00', '2014-09-26 00:00:00'),
(539, 539, 'RISARALDA', 1, '2014-09-26 00:00:00', '2014-09-26 00:00:00'),
(540, 540, 'ARAUCA', 1, '2014-09-26 00:00:00', '2014-09-26 00:00:00'),
(541, 541, 'CUNDINAMARCA', 1, '2014-09-26 00:00:00', '2014-09-26 00:00:00'),
(542, 542, 'ANTIOQUIA', 1, '2014-09-26 00:00:00', '2014-09-26 00:00:00'),
(543, 543, 'CUNDINAMARCA', 1, '2014-09-26 00:00:00', '2014-09-26 00:00:00'),
(544, 544, 'VALLE', 1, '2014-09-26 00:00:00', '2014-09-26 00:00:00'),
(545, 545, 'CUNDINAMARCA', 1, '2014-09-26 00:00:00', '2014-09-26 00:00:00'),
(546, 546, 'CUNDINAMARCA', 1, '2014-09-26 00:00:00', '2014-09-26 00:00:00'),
(547, 547, 'CAUCA', 1, '2014-09-26 00:00:00', '2014-09-26 00:00:00'),
(548, 548, 'SANTANDER', 1, '2014-09-26 00:00:00', '2014-09-26 00:00:00'),
(549, 549, 'SUCRE', 1, '2014-09-26 00:00:00', '2014-09-26 00:00:00'),
(550, 550, 'SUCRE', 1, '2014-09-26 00:00:00', '2014-09-26 00:00:00'),
(551, 551, 'CORDOBA(COL)', 1, '2014-09-26 00:00:00', '2014-09-26 00:00:00'),
(552, 552, 'SUCRE(COL)', 1, '2014-09-26 00:00:00', '2014-09-26 00:00:00'),
(553, 553, 'META', 1, '2014-09-26 00:00:00', '2014-09-26 00:00:00'),
(554, 554, 'CUNDINAMARCA', 1, '2014-09-26 00:00:00', '2014-09-26 00:00:00'),
(555, 555, 'BOYACA', 1, '2014-09-26 00:00:00', '2014-09-26 00:00:00'),
(556, 556, 'SANTANDER', 1, '2014-09-26 00:00:00', '2014-09-26 00:00:00'),
(557, 557, 'SANTANDER', 1, '2014-09-26 00:00:00', '2014-09-26 00:00:00'),
(558, 558, 'BOYACA', 1, '2014-09-26 00:00:00', '2014-09-26 00:00:00'),
(559, 559, 'ATLANTICO', 1, '2014-09-26 00:00:00', '2014-09-26 00:00:00'),
(560, 560, 'CUNDINAMARCA', 1, '2014-09-26 00:00:00', '2014-09-26 00:00:00'),
(561, 561, 'ANTIOQUIA', 1, '2014-09-26 00:00:00', '2014-09-26 00:00:00'),
(562, 562, 'UTAH', 1, '2014-09-26 00:00:00', '2014-09-26 00:00:00'),
(563, 563, 'MAGDALENA', 1, '2014-09-26 00:00:00', '2014-09-26 00:00:00'),
(564, 564, 'SANTANDER', 1, '2014-09-26 00:00:00', '2014-09-26 00:00:00'),
(565, 565, 'ATLANTICO', 1, '2014-09-26 00:00:00', '2014-09-26 00:00:00'),
(566, 566, 'HUILA', 1, '2014-09-26 00:00:00', '2014-09-26 00:00:00'),
(567, 567, 'CUNDINAMARCA', 1, '2014-09-26 00:00:00', '2014-09-26 00:00:00'),
(568, 568, 'CUNDINAMARCA', 1, '2014-09-26 00:00:00', '2014-09-26 00:00:00'),
(569, 569, 'CUNDINAMARCA', 1, '2014-09-26 00:00:00', '2014-09-26 00:00:00'),
(570, 570, 'CALDAS', 1, '2014-09-26 00:00:00', '2014-09-26 00:00:00'),
(571, 571, 'CUNDINAMARCA', 1, '2014-09-26 00:00:00', '2014-09-26 00:00:00'),
(572, 572, 'QUIBDO', 1, '2014-09-26 00:00:00', '2014-09-26 00:00:00'),
(573, 573, 'ARAUCA', 1, '2014-09-26 00:00:00', '2014-09-26 00:00:00'),
(574, 574, 'ANTIOQUIA', 1, '2014-09-26 00:00:00', '2014-09-26 00:00:00'),
(575, 575, 'ANTIOQUIA', 1, '2014-09-26 00:00:00', '2014-09-26 00:00:00'),
(576, 576, 'HUILA', 1, '2014-09-26 00:00:00', '2014-09-26 00:00:00'),
(577, 577, 'ANTIOQUIA', 1, '2014-09-26 00:00:00', '2014-09-26 00:00:00'),
(578, 578, 'CASANARE', 1, '2014-09-26 00:00:00', '2014-09-26 00:00:00'),
(579, 579, 'MAGDALENA', 1, '2014-09-26 00:00:00', '2014-09-26 00:00:00'),
(580, 580, 'QUINDIO', 1, '2014-09-26 00:00:00', '2014-09-26 00:00:00'),
(581, 581, 'HUILA', 1, '2014-09-26 00:00:00', '2014-09-26 00:00:00'),
(582, 582, 'CUNDINAMARCA', 1, '2014-09-26 00:00:00', '2014-09-26 00:00:00'),
(583, 583, 'CUNDINAMARCA', 1, '2014-09-26 00:00:00', '2014-09-26 00:00:00'),
(584, 584, 'HUILA', 1, '2014-09-26 00:00:00', '2014-09-26 00:00:00'),
(585, 585, 'BOYACA', 1, '2014-09-26 00:00:00', '2014-09-26 00:00:00'),
(586, 586, 'BOYACA', 1, '2014-09-26 00:00:00', '2014-09-26 00:00:00'),
(587, 587, 'CORDOBA', 1, '2014-09-26 00:00:00', '2014-09-26 00:00:00'),
(588, 588, 'HUILA', 1, '2014-09-26 00:00:00', '2014-09-26 00:00:00'),
(589, 589, 'CAUCA', 1, '2014-09-26 00:00:00', '2014-09-26 00:00:00'),
(590, 590, 'ANTIOQUIA', 1, '2014-09-26 00:00:00', '2014-09-26 00:00:00'),
(591, 591, 'CUNDINAMARCA', 1, '2014-09-26 00:00:00', '2014-09-26 00:00:00'),
(592, 592, 'CUNDINAMARCA', 1, '2014-09-26 00:00:00', '2014-09-26 00:00:00'),
(593, 593, 'MELGAR', 1, '2014-09-26 00:00:00', '2014-09-26 00:00:00'),
(594, 594, 'SUCRE', 1, '2014-09-26 00:00:00', '2014-09-26 00:00:00'),
(595, 595, 'VALLE', 1, '2014-09-26 00:00:00', '2014-09-26 00:00:00'),
(596, 596, 'VALLE', 1, '2014-09-26 00:00:00', '2014-09-26 00:00:00'),
(597, 597, 'VALLE', 1, '2014-09-26 00:00:00', '2014-09-26 00:00:00'),
(598, 598, 'NARINO', 1, '2014-09-26 00:00:00', '2014-09-26 00:00:00'),
(599, 599, 'NARINO', 1, '2014-09-26 00:00:00', '2014-09-26 00:00:00'),
(600, 600, 'BOYACA', 1, '2014-09-26 00:00:00', '2014-09-26 00:00:00'),
(601, 601, 'NARINO', 1, '2014-09-26 00:00:00', '2014-09-26 00:00:00'),
(602, 602, 'BOLIVAR', 1, '2014-09-26 00:00:00', '2014-09-26 00:00:00'),
(603, 603, 'ANTIOQUIA', 1, '2014-09-26 00:00:00', '2014-09-26 00:00:00'),
(604, 604, 'BOYACA', 1, '2014-09-26 00:00:00', '2014-09-26 00:00:00'),
(605, 605, 'CUNDINAMARCA', 1, '2014-09-26 00:00:00', '2014-09-26 00:00:00'),
(606, 606, 'CUNDINAMARCA', 1, '2014-09-26 00:00:00', '2014-09-26 00:00:00'),
(607, 607, 'VALLE', 1, '2014-09-26 00:00:00', '2014-09-26 00:00:00'),
(608, 608, 'ANTIOQUIA', 1, '2014-09-26 00:00:00', '2014-09-26 00:00:00'),
(609, 609, 'ANTIOQUIA', 1, '2014-09-26 00:00:00', '2014-09-26 00:00:00'),
(610, 610, 'ANTIOQUIA', 1, '2014-09-26 00:00:00', '2014-09-26 00:00:00'),
(611, 611, 'ANTIOQUIA', 1, '2014-09-26 00:00:00', '2014-09-26 00:00:00'),
(612, 612, 'GUAJIRA', 1, '2014-09-26 00:00:00', '2014-09-26 00:00:00'),
(613, 613, 'GUAJIRA', 1, '2014-09-26 00:00:00', '2014-09-26 00:00:00'),
(614, 614, 'CUNDINAMARCA', 1, '2014-09-26 00:00:00', '2014-09-26 00:00:00'),
(615, 615, 'CESAR', 1, '2014-09-26 00:00:00', '2014-09-26 00:00:00'),
(616, 616, 'CESAR', 1, '2014-09-26 00:00:00', '2014-09-26 00:00:00'),
(617, 617, 'ANTIOQUIA', 1, '2014-09-26 00:00:00', '2014-09-26 00:00:00'),
(618, 618, 'TOLIMA', 1, '2014-09-26 00:00:00', '2014-09-26 00:00:00'),
(619, 619, 'SANTANDER', 1, '2014-09-26 00:00:00', '2014-09-26 00:00:00'),
(620, 620, 'TOLIMA', 1, '2014-09-26 00:00:00', '2014-09-26 00:00:00'),
(621, 621, 'CUNDINAMARCA', 1, '2014-09-26 00:00:00', '2014-09-26 00:00:00'),
(622, 622, 'ANTIOQUIA', 1, '2014-09-26 00:00:00', '2014-09-26 00:00:00'),
(623, 623, 'ANTIOQUIA', 1, '2014-09-26 00:00:00', '2014-09-26 00:00:00'),
(624, 624, 'VALLE', 1, '2014-09-26 00:00:00', '2014-09-26 00:00:00'),
(625, 625, 'VALLE', 1, '2014-09-26 00:00:00', '2014-09-26 00:00:00'),
(626, 626, 'VALLE', 1, '2014-09-26 00:00:00', '2014-09-26 00:00:00'),
(627, 627, 'BOYACA', 1, '2014-09-26 00:00:00', '2014-09-26 00:00:00'),
(628, 628, 'VALLE', 1, '2014-09-26 00:00:00', '2014-09-26 00:00:00'),
(629, 629, 'CALDAS', 1, '2014-09-26 00:00:00', '2014-09-26 00:00:00'),
(630, 630, 'GUAJIRA', 1, '2014-09-26 00:00:00', '2014-09-26 00:00:00'),
(631, 631, 'CASANARE', 1, '2014-09-26 00:00:00', '2014-09-26 00:00:00'),
(632, 632, 'CUNDINAMARCA', 1, '2014-09-26 00:00:00', '2014-09-26 00:00:00'),
(633, 633, 'CAUCA', 1, '2014-09-26 00:00:00', '2014-09-26 00:00:00'),
(634, 634, 'TOLIMA', 1, '2014-09-26 00:00:00', '2014-09-26 00:00:00'),
(635, 635, 'NORTE DE SANTANDER', 1, '2014-09-26 00:00:00', '2014-09-26 00:00:00'),
(636, 636, 'META', 1, '2014-09-26 00:00:00', '2014-09-26 00:00:00'),
(637, 637, 'HUILA', 1, '2014-09-26 00:00:00', '2014-09-26 00:00:00'),
(638, 638, 'CUNDINAMARCA', 1, '2014-09-26 00:00:00', '2014-09-26 00:00:00'),
(639, 639, 'CUNDINAMARCA', 1, '2014-09-26 00:00:00', '2014-09-26 00:00:00'),
(640, 640, 'CALDAS', 1, '2014-09-26 00:00:00', '2014-09-26 00:00:00'),
(641, 641, 'WA', 1, '2014-09-26 00:00:00', '2014-09-26 00:00:00'),
(642, 642, 'ANTIOQUIA', 1, '2014-09-26 00:00:00', '2014-09-26 00:00:00'),
(643, 643, 'ANTIOQUIA', 1, '2014-09-26 00:00:00', '2014-09-26 00:00:00'),
(644, 644, 'ANTIOQUIA', 1, '2014-09-26 00:00:00', '2014-09-26 00:00:00'),
(645, 645, 'CASANARE', 1, '2014-09-26 00:00:00', '2014-09-26 00:00:00'),
(646, 646, 'VALLE', 1, '2014-09-26 00:00:00', '2014-09-26 00:00:00'),
(647, 647, 'META', 1, '2014-09-26 00:00:00', '2014-09-26 00:00:00'),
(648, 648, 'VALLE', 1, '2014-09-26 00:00:00', '2014-09-26 00:00:00'),
(649, 649, 'SANTANDER', 1, '2014-09-26 00:00:00', '2014-09-26 00:00:00'),
(650, 650, 'VALLE', 1, '2014-09-26 00:00:00', '2014-09-26 00:00:00'),
(651, 651, 'VALLE', 1, '2014-09-26 00:00:00', '2014-09-26 00:00:00'),
(652, 652, 'CUNDINAMARCA', 1, '2014-09-26 00:00:00', '2014-09-26 00:00:00'),
(653, 653, 'CUNDINAMARCA', 1, '2014-09-26 00:00:00', '2014-09-26 00:00:00');

-- --------------------------------------------------------

--
-- Table structure for table `bs_groups`
--

CREATE TABLE IF NOT EXISTS `bs_groups` (
  `id` int(11) NOT NULL AUTO_INCREMENT,
  `name` varchar(100) COLLATE latin1_spanish_ci NOT NULL,
  `created` datetime DEFAULT NULL,
  `modified` datetime DEFAULT NULL,
  PRIMARY KEY (`id`)
) ENGINE=InnoDB  DEFAULT CHARSET=latin1 COLLATE=latin1_spanish_ci AUTO_INCREMENT=5 ;

--
-- Dumping data for table `bs_groups`
--

INSERT INTO `bs_groups` (`id`, `name`, `created`, `modified`) VALUES
(1, 'Super Admin', '2014-10-30 10:45:40', '2014-10-30 10:45:40'),
(2, 'Administrator', '2014-10-30 10:45:49', '2014-10-30 10:45:49'),
(3, 'Manager', '2014-10-30 10:46:00', '2014-10-30 10:46:00'),
(4, 'Member', '2014-10-30 10:46:11', '2014-10-30 11:17:26');

-- --------------------------------------------------------

--
-- Table structure for table `bs_icargo_addresses`
--

CREATE TABLE IF NOT EXISTS `bs_icargo_addresses` (
  `id` int(11) NOT NULL AUTO_INCREMENT,
  `name` varchar(255) COLLATE latin1_spanish_ci NOT NULL,
  `address_one` varchar(255) COLLATE latin1_spanish_ci NOT NULL,
  `address_two` varchar(255) COLLATE latin1_spanish_ci NOT NULL,
  `city` varchar(255) COLLATE latin1_spanish_ci NOT NULL,
  `state` varchar(255) COLLATE latin1_spanish_ci NOT NULL,
  `zip_code` varchar(80) COLLATE latin1_spanish_ci NOT NULL,
  `status` int(1) NOT NULL,
  `created` date NOT NULL,
  `modified` date NOT NULL,
  PRIMARY KEY (`id`)
) ENGINE=InnoDB  DEFAULT CHARSET=latin1 COLLATE=latin1_spanish_ci AUTO_INCREMENT=2 ;

--
-- Dumping data for table `bs_icargo_addresses`
--

INSERT INTO `bs_icargo_addresses` (`id`, `name`, `address_one`, `address_two`, `city`, `state`, `zip_code`, `status`, `created`, `modified`) VALUES
(1, 'ICargoBox Address', '123 lorem ipsum street', '456 lorem ipsum road', 'LA', 'NY', '10005', 1, '0000-00-00', '2014-12-18');

-- --------------------------------------------------------

--
-- Table structure for table `bs_newsletters`
--

CREATE TABLE IF NOT EXISTS `bs_newsletters` (
  `id` int(11) NOT NULL AUTO_INCREMENT,
  `subject` varchar(255) COLLATE latin1_spanish_ci NOT NULL,
  `body` text COLLATE latin1_spanish_ci NOT NULL,
  `status` int(11) NOT NULL,
  `created` datetime NOT NULL,
  `modified` datetime NOT NULL,
  PRIMARY KEY (`id`)
) ENGINE=InnoDB DEFAULT CHARSET=latin1 COLLATE=latin1_spanish_ci AUTO_INCREMENT=1 ;

-- --------------------------------------------------------

--
-- Table structure for table `bs_newsletter_subscribers`
--

CREATE TABLE IF NOT EXISTS `bs_newsletter_subscribers` (
  `id` int(11) NOT NULL AUTO_INCREMENT,
  `name` varchar(255) COLLATE latin1_spanish_ci NOT NULL,
  `email` varchar(255) COLLATE latin1_spanish_ci NOT NULL,
  `status` int(11) NOT NULL,
  `created` datetime NOT NULL,
  `modified` datetime NOT NULL,
  PRIMARY KEY (`id`)
) ENGINE=InnoDB  DEFAULT CHARSET=latin1 COLLATE=latin1_spanish_ci AUTO_INCREMENT=19 ;

--
-- Dumping data for table `bs_newsletter_subscribers`
--

INSERT INTO `bs_newsletter_subscribers` (`id`, `name`, `email`, `status`, `created`, `modified`) VALUES
(4, 'lorem', 'lorem@test.com', 1, '2014-09-29 11:16:35', '2014-10-14 11:18:49'),
(5, 'Ipsum', 'Ipsum@gmail.com', 1, '2014-09-29 11:16:51', '2014-09-29 11:16:51'),
(6, 'dolor', 'dolor@test.com', 1, '2014-09-29 11:17:09', '2014-09-29 11:17:09'),
(12, 'test', 'lorem3@test.com', 1, '2014-10-15 06:01:52', '2014-10-15 06:01:52'),
(13, 'test', 'lorem23@test.com', 1, '2014-10-15 06:03:27', '2014-10-15 06:03:27'),
(14, 'test', 'lorem1@test.com', 1, '2014-10-15 06:04:01', '2014-10-15 06:04:01'),
(15, 'Basant Kumar Sharma', 'webgrity617@gmail.com', 1, '2014-10-31 09:51:00', '2014-10-31 09:51:00'),
(16, 'Basant Kumar Sharma', 'webgrity7@gmail.com', 1, '2014-10-31 09:53:25', '2014-10-31 09:53:25'),
(17, 'Basant Kumar Sharma', 'webgrity17@gmail.com', 1, '2014-10-31 09:53:50', '2014-10-31 09:53:50'),
(18, 'test@test.com', 'test@test.com', 1, '2014-11-08 08:52:32', '2014-11-08 08:52:32');

-- --------------------------------------------------------

--
-- Table structure for table `bs_profiles`
--

CREATE TABLE IF NOT EXISTS `bs_profiles` (
  `id` int(11) NOT NULL AUTO_INCREMENT,
  `user_id` int(11) NOT NULL,
  `fname` varchar(255) COLLATE latin1_spanish_ci NOT NULL,
  `lname` varchar(255) COLLATE latin1_spanish_ci NOT NULL,
  `dob` datetime NOT NULL,
  `land_phone` varchar(40) COLLATE latin1_spanish_ci NOT NULL,
  `cell_phone` varchar(40) COLLATE latin1_spanish_ci NOT NULL,
  `reffered_by` varchar(255) COLLATE latin1_spanish_ci NOT NULL,
  `address_correspondence_to` varchar(255) COLLATE latin1_spanish_ci NOT NULL,
  `city_id` int(11) NOT NULL,
  `department_id` int(11) NOT NULL,
  `created` datetime NOT NULL,
  `modified` datetime NOT NULL,
  PRIMARY KEY (`id`)
) ENGINE=InnoDB  DEFAULT CHARSET=latin1 COLLATE=latin1_spanish_ci AUTO_INCREMENT=29 ;

--
-- Dumping data for table `bs_profiles`
--

INSERT INTO `bs_profiles` (`id`, `user_id`, `fname`, `lname`, `dob`, `land_phone`, `cell_phone`, `reffered_by`, `address_correspondence_to`, `city_id`, `department_id`, `created`, `modified`) VALUES
(23, 22, 'Basant', 'Sharma', '2014-10-28 00:00:00', '9876543210', '9876543210', 'test', '123 test street', 18, 18, '2014-11-12 07:45:39', '2014-11-18 12:07:39'),
(24, 23, 'user2', 'Sharma', '2014-11-18 00:00:00', '9876543210', '9876543210', 'test', 'te', 1, 1, '2014-11-14 10:03:46', '2014-12-18 11:25:16'),
(25, 24, 'user3', 'Sharma', '2014-11-18 00:00:00', '9876543210', '9876543210', 'sd', 'dasf', 18, 18, '2014-11-18 13:34:05', '2014-11-18 13:34:05'),
(26, 25, 'user4', 'Sharma', '2014-12-15 00:00:00', '123', '123', '123', '123', 3, 3, '2014-12-10 10:33:33', '2014-12-17 11:13:53'),
(27, 1, 'Basant', 'Sharma', '0000-00-00 00:00:00', '', '', '', '', 0, 0, '0000-00-00 00:00:00', '0000-00-00 00:00:00'),
(28, 2, 'ICargoBox', '', '0000-00-00 00:00:00', '', '', '', '', 0, 0, '0000-00-00 00:00:00', '0000-00-00 00:00:00');

-- --------------------------------------------------------

--
-- Table structure for table `bs_recomended_stores`
--

CREATE TABLE IF NOT EXISTS `bs_recomended_stores` (
  `id` int(11) NOT NULL AUTO_INCREMENT,
  `title` varchar(255) COLLATE latin1_spanish_ci NOT NULL,
  `alt_tag` varchar(255) COLLATE latin1_spanish_ci NOT NULL,
  `store_url` varchar(255) COLLATE latin1_spanish_ci NOT NULL,
  `store_img` varchar(255) COLLATE latin1_spanish_ci NOT NULL,
  `store_img_small` varchar(255) COLLATE latin1_spanish_ci NOT NULL,
  `store_img_medium` varchar(255) COLLATE latin1_spanish_ci NOT NULL,
  `sort_order` int(11) NOT NULL,
  `status` int(1) NOT NULL,
  `created` datetime NOT NULL,
  `modified` datetime NOT NULL,
  PRIMARY KEY (`id`)
) ENGINE=InnoDB  DEFAULT CHARSET=latin1 COLLATE=latin1_spanish_ci AUTO_INCREMENT=11 ;

--
-- Dumping data for table `bs_recomended_stores`
--

INSERT INTO `bs_recomended_stores` (`id`, `title`, `alt_tag`, `store_url`, `store_img`, `store_img_small`, `store_img_medium`, `sort_order`, `status`, `created`, `modified`) VALUES
(5, 'HM', 'HM', 'http://www.google.com', 'files/uploads/recomended_stores/hm.jpg', 'files/uploads/recomended_stores/hm-resize-134x57-542939e71ab3f-small.jpg', 'files/uploads/recomended_stores/hm-resize-134x57-542939e71ab3f.jpg', 1, 1, '2014-09-29 10:52:23', '2014-12-03 12:28:20'),
(6, 'A&F', 'A&F', '', 'files/uploads/recomended_stores/abercrombie_fitch.jpg', 'files/uploads/recomended_stores/abercrombie_fitch-resize-134x57-54293a0f5f5e1-small.jpg', 'files/uploads/recomended_stores/abercrombie_fitch-resize-134x57-54293a0f632ea-medium.jpg', 2, 1, '2014-09-29 10:53:03', '2014-09-29 10:54:11'),
(7, 'Bebe Sport', 'BS', '', 'files/uploads/recomended_stores/bebe_sport.jpg', 'files/uploads/recomended_stores/bebe_sport-resize-134x57-54293a2681b32-small.jpg', 'files/uploads/recomended_stores/bebe_sport-resize-134x57-54293a268583b-medium.jpg', 3, 1, '2014-09-29 10:53:26', '2014-09-29 10:58:40'),
(8, 'Hollister', 'Hollister', '', 'files/uploads/recomended_stores/hollister.jpg', 'files/uploads/recomended_stores/hollister-resize-134x57-54293a4789544-small.jpg', 'files/uploads/recomended_stores/hollister-resize-134x57-54293a478d24d-medium.jpg', 4, 1, '2014-09-29 10:53:59', '2014-09-29 10:53:59'),
(9, 'Ebay', 'Ebay', '', 'files/uploads/recomended_stores/ebay.jpg', 'files/uploads/recomended_stores/ebay-resize-134x57-54293a7807a12-small.jpg', 'files/uploads/recomended_stores/ebay-resize-134x57-54293a780b71b-medium.jpg', 5, 1, '2014-09-29 10:54:48', '2014-09-29 10:54:48'),
(10, 'Amazon', 'Amazon', '', 'files/uploads/recomended_stores/amazon.jpg', 'files/uploads/recomended_stores/amazon-resize-134x57-54293a966acfc-small.jpg', 'files/uploads/recomended_stores/amazon-resize-134x57-54293a966ea05-medium.jpg', 6, 1, '2014-09-29 10:55:18', '2014-09-29 10:55:29');

-- --------------------------------------------------------

--
-- Table structure for table `bs_sent_newsletters`
--

CREATE TABLE IF NOT EXISTS `bs_sent_newsletters` (
  `id` int(11) NOT NULL AUTO_INCREMENT,
  `newsletter_subscriber_id` int(11) NOT NULL,
  `newsletter_id` int(11) NOT NULL,
  `status` int(1) NOT NULL,
  `created` datetime NOT NULL,
  `modified` datetime NOT NULL,
  PRIMARY KEY (`id`)
) ENGINE=InnoDB DEFAULT CHARSET=latin1 COLLATE=latin1_spanish_ci AUTO_INCREMENT=1 ;

-- --------------------------------------------------------

--
-- Table structure for table `bs_sliding_banners`
--

CREATE TABLE IF NOT EXISTS `bs_sliding_banners` (
  `id` int(11) NOT NULL AUTO_INCREMENT,
  `title` varchar(255) COLLATE latin1_spanish_ci NOT NULL,
  `alt_tag` varchar(255) COLLATE latin1_spanish_ci NOT NULL,
  `banner_img` varchar(255) COLLATE latin1_spanish_ci NOT NULL,
  `banner_img_small` varchar(255) COLLATE latin1_spanish_ci NOT NULL,
  `banner_img_medium` varchar(255) COLLATE latin1_spanish_ci NOT NULL,
  `sort_order` int(11) NOT NULL,
  `status` int(1) NOT NULL,
  `created` datetime NOT NULL,
  `modified` datetime NOT NULL,
  PRIMARY KEY (`id`)
) ENGINE=InnoDB  DEFAULT CHARSET=latin1 COLLATE=latin1_spanish_ci AUTO_INCREMENT=11 ;

--
-- Dumping data for table `bs_sliding_banners`
--

INSERT INTO `bs_sliding_banners` (`id`, `title`, `alt_tag`, `banner_img`, `banner_img_small`, `banner_img_medium`, `sort_order`, `status`, `created`, `modified`) VALUES
(9, 'Dolor', 'Dolor', 'files/uploads/banners/banner1.jpg', 'files/uploads/banners/banner1-resize-150x84-54292b7f03d09-small.jpg', 'files/uploads/banners/banner1-resize-510x284-54292b7f0f424-medium.jpg', 1, 1, '2014-09-29 09:50:54', '2014-09-29 09:50:54'),
(10, 'Ipsum', 'Ipsum', 'files/uploads/banners/banner2.jpg', 'files/uploads/banners/banner2-resize-150x84-54292c457de29-small.jpg', 'files/uploads/banners/banner2-resize-510x284-54292c4589544-medium.jpg', 2, 1, '2014-09-29 09:54:13', '2014-09-29 09:54:13');

-- --------------------------------------------------------

--
-- Table structure for table `bs_sliding_texts`
--

CREATE TABLE IF NOT EXISTS `bs_sliding_texts` (
  `id` int(11) NOT NULL AUTO_INCREMENT,
  `body` text COLLATE latin1_spanish_ci NOT NULL,
  `sort_order` int(11) NOT NULL,
  `status` int(1) NOT NULL,
  `created` datetime NOT NULL,
  `modified` datetime NOT NULL,
  PRIMARY KEY (`id`)
) ENGINE=InnoDB  DEFAULT CHARSET=latin1 COLLATE=latin1_spanish_ci AUTO_INCREMENT=6 ;

--
-- Dumping data for table `bs_sliding_texts`
--

INSERT INTO `bs_sliding_texts` (`id`, `body`, `sort_order`, `status`, `created`, `modified`) VALUES
(1, '<h2>Web para dispositivos moviles</h2>\r\n<ul>\r\n	<li>Diseno Personalizedo.</li>\r\n	<li>Accesibles desde los moviles.</li>\r\n	<li>Diseno Responsive.</li>\r\n	<li>Livianos.</li>\r\n	<li>Compatible con todos los navegadores.</li>\r\n</ul>\r\n<p><a class="ver_planes" href="#">Ver Planes</a></p>\r\n', 1, 1, '0000-00-00 00:00:00', '2014-10-28 06:38:16'),
(2, ' 	<h2>Diseno Personalizedo.</h2>\r\n                            <ul>                            \r\n                                <li>Diseno Personalizedo.</li>\r\n                                <li>Accesibles desde los moviles.</li>\r\n                                <li>Diseno Responsive.</li>\r\n                                <li>Livianos.</li>\r\n                                <li>Compatible con todos los navegadores.</li>  \r\n                            </ul>                          \r\n                            <a class="ver_planes" href="#">Ver Planes</a>', 2, 1, '2014-09-27 07:56:16', '2014-09-29 10:09:49'),
(5, '<p>In enim eros, pellentesque ut molestie ac, sodales vel quam. Sed vitae ultricies libero. Nullam fringilla, arcu ac dapibus rutrum, libero lacus luctus lorem, in pulvinar leo nibh in magna. Pellentesque et scelerisque eros. Vivamus ac suscipit massa. Maecenas ut mollis sem. Class aptent taciti sociosqu ad litora torquent per conubia nostra, per inceptos himenaeos. Quisque aliquam suscipit neque, ut rutrum ex dictum at. Nullam vestibulum fringilla dui. Sed euismod finibus orci quis eleifend. Suspendisse ut nunc et diam pulvinar laoreet. Nulla pharetra mi nisl, finibus luctus nulla elementum eget. Proin pellentesque libero id ligula fringilla interdum. Donec eu tristique odio.</p>\r\n', 3, 1, '2014-09-29 10:14:14', '2014-09-29 10:14:14');

-- --------------------------------------------------------

--
-- Table structure for table `bs_testimonials`
--

CREATE TABLE IF NOT EXISTS `bs_testimonials` (
  `id` int(11) NOT NULL AUTO_INCREMENT,
  `body` text COLLATE latin1_spanish_ci NOT NULL,
  `sort_order` int(11) NOT NULL,
  `status` int(1) NOT NULL,
  `created` datetime NOT NULL,
  `modified` datetime NOT NULL,
  PRIMARY KEY (`id`)
) ENGINE=InnoDB  DEFAULT CHARSET=latin1 COLLATE=latin1_spanish_ci AUTO_INCREMENT=4 ;

--
-- Dumping data for table `bs_testimonials`
--

INSERT INTO `bs_testimonials` (`id`, `body`, `sort_order`, `status`, `created`, `modified`) VALUES
(1, '<p>Lorem ipsum dolor sit amet, consectetur adipiscing elit. Curabitur vehicula aliquet turpis sed faucibus. Mauris felis risus, mattis eu malesuada eu, bibendum quis sem. Fusce sodales dictum imperdiet. Quisque blandit vitae sem a imperdiet. Vivamus blandit pellentesque turpis ac maximus. Fusce at consequat elit. Quisque porta urna et nisi consectetur blandit. Maecenas ac purus vitae mi euismod suscipit a vitae enim. Etiam ullamcorper orci at vehicula vulputate. Maecenas at feugiat ligula. Praesent ullamcorper metus sit amet maximus condimentum.</p>\r\n', 1, 1, '2014-09-27 06:37:15', '2014-09-27 06:56:40'),
(2, '<p><strong>Nulla aliquam risus sed facilisis tincidunt. </strong>Lorem ipsum dolor sit amet, consectetur adipiscing elit. Praesent tristique, diam vulputate venenatis rhoncus, nibh elit feugiat tellus, sit amet maximus magna urna sed lectus. Nullam eros est, tincidunt eget ante ac, malesuada volutpat quam. Nam aliquam aliquam est, non accumsan mauris maximus sit amet. Nulla pellentesque sapien eget porta congue. Fusce enim lectus, volutpat vel enim ac, luctus convallis nisi. Mauris eu eros massa. Cras malesuada diam eu porta auctor. Suspendisse faucibus interdum accumsan. Sed non elit interdum urna ullamcorper bibendum. Nullam ultricies metus eget diam fermentum, eget malesuada ipsum gravida. Pellentesque sed molestie augue. Vestibulum a sem ut massa imperdiet congue. Donec a consequat urna. Suspendisse ultrices vel ex ullamcorper tempor.</p>\r\n', 2, 1, '2014-09-27 06:43:07', '2014-09-27 06:55:55'),
(3, '<p>Donec interdum, ipsum at blandit aliquet, arcu nisi molestie neque, vitae porttitor odio sem vel ex. Sed feugiat faucibus dictum. Donec at leo faucibus, finibus leo pulvinar, sodales ligula. Donec at tortor eget lectus dignissim tempor sit amet quis nisi. Aliquam non volutpat libero, malesuada sollicitudin orci. Nullam blandit quis ipsum et semper. Vestibulum at sollicitudin tortor. Ut pulvinar leo quis ipsum euismod, vel tempor ex ullamcorper. Duis non orci nec est porta rhoncus.</p>\r\n', 3, 1, '2014-09-27 06:47:33', '2014-09-27 06:56:50');

-- --------------------------------------------------------

--
-- Table structure for table `bs_users`
--

CREATE TABLE IF NOT EXISTS `bs_users` (
  `id` int(11) NOT NULL AUTO_INCREMENT,
  `username` varchar(255) COLLATE latin1_spanish_ci NOT NULL,
  `password` char(40) COLLATE latin1_spanish_ci NOT NULL,
  `email` varchar(255) COLLATE latin1_spanish_ci NOT NULL,
  `activation_key` varchar(60) COLLATE latin1_spanish_ci NOT NULL,
  `group_id` int(11) NOT NULL,
  `last_login` datetime DEFAULT NULL,
  `ip_address` varchar(30) COLLATE latin1_spanish_ci NOT NULL,
  `status` int(1) NOT NULL COMMENT '''0'' => ''Waiting for activation'', ''1'' => ''Active'', ''2'' => ''Suspended'', ''3'' => ''Expired''',
  `created` datetime DEFAULT NULL,
  `modified` datetime DEFAULT NULL,
  PRIMARY KEY (`id`),
  UNIQUE KEY `username` (`username`)
) ENGINE=InnoDB  DEFAULT CHARSET=latin1 COLLATE=latin1_spanish_ci AUTO_INCREMENT=26 ;

--
-- Dumping data for table `bs_users`
--

INSERT INTO `bs_users` (`id`, `username`, `password`, `email`, `activation_key`, `group_id`, `last_login`, `ip_address`, `status`, `created`, `modified`) VALUES
(1, 'root', 'c074dd66e01a48835b3192704b18a833e9b28edd', 'basantxbs@gmail.com', '', 1, '0000-00-00 00:00:00', '', 1, '2014-10-30 10:46:42', '2014-10-30 10:46:42'),
(2, 'admin', '250e33d3f47d86337eabed4fd97b21df0180c19a', 'admin@test.com', '', 2, '2014-12-20 08:32:49', '', 1, '2014-10-30 10:46:57', '2014-12-20 08:32:49'),
(3, 'manager1', '28eb9b704845cb178cf2ab18f11f91c4df9f53f0', 'test2@test.com', '', 3, '0000-00-00 00:00:00', '', 1, '2014-10-30 10:47:13', '2014-10-30 10:47:13'),
(22, 'user1', '394871ae34e4e7d60b6a5f1c0f3521ddd1c13bfd', 'user1@gmail.com', 'c21139dc48514b47dd31e4b9efd4cc55', 4, '2014-12-20 08:32:28', '127.0.0.1', 1, '2014-11-12 07:45:39', '2014-12-20 08:32:28'),
(23, 'user2', '779c7a12a31bb6400af1c5fda3adafcbf654445c', 'user2@gmail.com', '41a12dc6954006c1e9baf7131f6f7f8a', 4, '2014-12-18 11:27:34', '127.0.0.1', 1, '2014-11-14 10:03:46', '2014-12-18 11:27:34'),
(24, 'user3', 'dbe790f015eb9f76be06bdcdda52b53686d1ecd3', 'user3@gmail.com', '787232c3223aba7e818db22d0a7b9379', 4, '2014-11-18 13:34:45', '', 1, '2014-11-18 13:34:05', '2014-11-18 13:34:45'),
(25, '', 'b44c0a16f54d1bf3739be58c7d0f6515d36f36a2', 'test@test.com', 'df5c620d8ae2e0a1f5f96bbd7e0ff430', 4, '2014-12-17 11:14:08', '', 1, '2014-12-10 10:33:32', '2014-12-17 11:14:08');

/*!40101 SET CHARACTER_SET_CLIENT=@OLD_CHARACTER_SET_CLIENT */;
/*!40101 SET CHARACTER_SET_RESULTS=@OLD_CHARACTER_SET_RESULTS */;
/*!40101 SET COLLATION_CONNECTION=@OLD_COLLATION_CONNECTION */;
